Sl. No.,College Name,District,Email,Establish Year,College Type,Course Type,Contact No.,Link
,,,,,,,,
1,"Government Law College Ajmer, Rajasthan",Ajmer,govtlawcollegeajm@gmail.com,2006, CoEd,PG,01412787594,https://hte.rajasthan.gov.in/college/glcajmer
2,GOVERNMENT COLLEGE PUSHKAR,Ajmer,principalgcpushkar@gmail.com,2013, CoEd,UG,0145-2772227,https://hte.rajasthan.gov.in/college/gcpushar
3,"Government College, KEKRI",Ajmer,governmentcollegekekri@gmail.com,1977, CoEd,PG,9414421213,https://hte.rajasthan.gov.in/college/gckekri
4,Govt. Girls College Ajmer,Ajmer,ggcajmer@gmail.com,1994, Girls,PG,0145-2627645,https://hte.rajasthan.gov.in/college/ggcajmer
5,"Shri Govind Singh Gurjar Rajkiya Mahavidyalaya,Nasirabad",Ajmer,sgsggcn@gmail.com,1970, CoEd,PG,01491294077,https://hte.rajasthan.gov.in/college/gcnasirabad
6,"Shri Ratanlal Kanwarlal Patni Government P.G. College,Kishangarh",Ajmer,srkpatnigck@gmail.com,1959, CoEd,PG,01463-245660,https://hte.rajasthan.gov.in/college/gckishangarh
7,"SAMRAT PRITHVIRAJ CHAUHAN GOVERNMENT COLLEGE, AJMER",Ajmer,gcajmer175@gmail.com,1896, CoEd,PG,01452461946,https://hte.rajasthan.gov.in/college/gcajmer
8,Government Girls College Sarwar,Ajmer,ggcsarwar@gmail.com,2013, Girls,PG,0149-6230700,https://hte.rajasthan.gov.in/college/ggcsarwar
9,"S. D. GOVERNMENT COLLEGE, BEAWAR",Ajmer,sdcollegebeawar@gmail.com,1955, CoEd,PG,01462-224548,https://hte.rajasthan.gov.in/college/gcbeawar
10,GOVERNMENT COLLEGE MASUDA(BEAWAR),Ajmer,gc.masuda1@gmail.com,2017, CoEd,UG,7597278427,https://hte.rajasthan.gov.in/college/gcmasuda
11,"Government College, Arain",Ajmer,gcollegearain@gmail.com,2017, CoEd,UG,0146300000,https://hte.rajasthan.gov.in/college/gcarain
12,Government College Bhinay,Ajmer,gcbhinay@gmail.com,2020, CoEd,UG,8107674873,https://hte.rajasthan.gov.in/college/gcbhinay
13,Government College Sawar,Ajmer,governmentcollegesawar@gmail.com,2020, CoEd,UG,9414708963,https://hte.rajasthan.gov.in/college/gcsawar
14,GOVERNMENT COLLEGE TANTOTI,Ajmer,GCTANTOTI@GMAIL.COM,2022, CoEd,UG,9414649176,https://hte.rajasthan.gov.in/college/gctantoti
15,Government Girls College Nasirabad,Ajmer,ggcnasirabad@gmail.com,2022, Girls,UG,1491294077,https://hte.rajasthan.gov.in/college/ggnasirabad
16,Government College Rupangarh,Ajmer,gcroopangarh@gmail.com,2022, CoEd,UG,9413580382,https://hte.rajasthan.gov.in/college/gcrupangarh
17,Government College Bijainagar,Ajmer,gcvijainagar@gmail.com,2022, CoEd,UG,9636215155,https://hte.rajasthan.gov.in/college/gcvijainagar
18,"Shri Brijmohan Lal Sharma Government Girls College, Beawar",Ajmer,govtgirlscollegebeawar@gmail.com,2022, Girls,UG,1462224548,https://hte.rajasthan.gov.in/college/ggcbeawar
19,GOVT GIRLS COLLEGE KISHANGARH,Ajmer,ggckishangarh@gmail.com,2022, Girls,UG,9680155067,https://hte.rajasthan.gov.in/college/ggckishangarh
20,Government College Kadera,Ajmer,GCKADERA@gmail.com,2023, CoEd,UG,9829796090,https://hte.rajasthan.gov.in/college/govtcollegekaderaphp
21,Government College Peesangan,Ajmer,gcpisangan2023@gmail.com,2023, CoEd,UG,01491294077,https://hte.rajasthan.gov.in/college/gcpisangan
22,Government College  Nand,Ajmer,govtcollegenand@gmail.com,2023, CoEd,UG,9116699934,https://hte.rajasthan.gov.in/college/gcnp
23,Government College Borada,Ajmer,gcborada23@gmail.com,2023, CoEd,UG,9214956338,https://hte.rajasthan.gov.in/college/gcborada
24,Babu Shobha Ram Government Arts College Alwar (Rajasthan),Alwar,artscollegealwar@gmail.com,1979, CoEd,PG,0144-2732336,https://hte.rajasthan.gov.in/college/gcaalwar
25,"GOVERNMENT PG COLLEGE, THANAGAZI (ALWAR)",Alwar,gcthanagazi@gmail.com,2004, CoEd,PG,1465-294342,https://hte.rajasthan.gov.in/college/gcthanagazi
26,"G. D. Govt. College for Women, Alwar",Alwar,principalgauridevi@gmail.com,1964, Girls,PG,01442700337,https://hte.rajasthan.gov.in/college/ggcalwar
27,"GOVERNMENT COMMERCE  COLLEGE, ALWAR",Alwar,gccalwar@gmail.com,2014, CoEd,PG,9413878739,https://hte.rajasthan.gov.in/college/gccalwar
28,Government College Rajgarh (Alwar),Alwar,principalgcrajgarh@ymail.com,1967, CoEd,PG,01464-220043,https://hte.rajasthan.gov.in/college/gcrajgarhalwar
29,"GOVERNMENT P.G. COLLEGE, TIJARA",Alwar,govtcollegetijara@gmail.com,2013, CoEd,PG,9530299202,https://hte.rajasthan.gov.in/college/gctijara
30,"RAJ RISHI COLLEGE , ALWAR",Alwar,rrcalwar@gmail.com,1945, CoEd,PG,0144-2700772,https://hte.rajasthan.gov.in/college/gcalwar
31,Government College Govindgarh (Alwar),Alwar,gcgalwar1998@gmail.com,1998, CoEd,PG,01492-277499,https://hte.rajasthan.gov.in/college/gcgalwar
32,GOVERNMENT P.G. LAW COLLEGE ALWAR,Alwar,law3alwar@gmail.com,2006, CoEd,PG,01442731334,https://hte.rajasthan.gov.in/college/glcalwar
33,Government College Behror,Alwar,governmentcollegebehror@gmail.com,1977, CoEd,PG,01494-220046,https://hte.rajasthan.gov.in/college/gcbehror
34,"GOVERNMENT COLLEGE, BIBIRANI ( ALWAR)",Alwar,gcbibirani@gmail.com,1995, CoEd,PG,01460233263,https://hte.rajasthan.gov.in/college/gcbibirani
35,"GOVT. COLLEGE MUNDAWAR, ALWAR",Alwar,gcmundawar@gmail.com,2017, CoEd,UG,9414338834,https://hte.rajasthan.gov.in/college/GCMUNDAWAR
36,"GOVERNMENT COLLEGE KHAIRTHAL, ALWAR (RAJ.)",Alwar,gckhairthal@gmail.com,2020, CoEd,UG,9414681541,https://hte.rajasthan.gov.in/college/gckhairtal
37,Government College Bansur,Alwar,govtcollegebansur@gmail.com,2018, CoEd,UG,01461-232125,https://hte.rajasthan.gov.in/college/gcbansur
38,Government Girls College Behror,Alwar,behrorgovtgirlscollege@gmail.com,2019, Girls,UG,1234567890,https://hte.rajasthan.gov.in/college/ggcbehror
39,Govt. College Laxmangarh (Alwar),Alwar,gclaxmangarhalwar@gmail.com,2019, CoEd,UG,01492294800,https://hte.rajasthan.gov.in/college/gclaxmangarhalwar
40,Govt College Ramgarh Alwar,Alwar,gcramgarhalwar@gmail.com,2020, CoEd,UG,01442700772,https://hte.rajasthan.gov.in/college/gcramgarhalwar
41,Government College Kathumar,Alwar,gckathumar@gmail.com,, CoEd,UG,1442700337,https://hte.rajasthan.gov.in/college/gckathumar
42,Government Girls CollegeTapukara,Alwar,ggctapukra2020@gmail.com,2020, Girls,UG,9414726155,https://hte.rajasthan.gov.in/college/ggctapukara
43,Government College Malakhera Alwar,Alwar,gcmalakhera@gmail.com,2020, CoEd,UG,1442732336,https://hte.rajasthan.gov.in/college/gcmalakhera
44,Government College Reni,Alwar,gcrenialwar@gmail.com,2021, CoEd,UG,9799658487,https://hte.rajasthan.gov.in/college/gcreni
45,Baba Mohan Ram Kissan Government College Bhiwadi,Alwar,subhashshastri009@gmail.com,2020, CoEd,PG,7982849745,https://hte.rajasthan.gov.in/college/gcbhiwadi
46,GOVERNMENT COLLEGE KISHANGARH BAS,Alwar,ggckishangarhbas@gmail.com,2022, Girls,UG,1460230263,https://hte.rajasthan.gov.in/college/ggckishangarhbas
47,GOVERNMENT GIRLS COLLEGE RAJGARH ALWAR,Alwar,gcgirlrajgarh@gmail.com,2022, CoEd,UG,0141-220043,https://hte.rajasthan.gov.in/college/ggcrajgarhalwar
48,Govt college Tehla,Alwar,gctehla22@gmail.com,2022, CoEd,UG,9785080289,https://hte.rajasthan.gov.in/college/gctahla
49,Government Girls College Pratapgarh Alwar,Alwar,ggcpratapgarh22@gmail.com,2022, Girls,UG,9414820438,https://hte.rajasthan.gov.in/college/ggcpratapgarhalwar
50,GOVERNMENT COLLEGE NEEMRANA,Alwar,govtcollegeneemrana@gmail.com,2022, CoEd,UG,9413688731,https://hte.rajasthan.gov.in/college/
51,Government Girls College  Bardod,Alwar,ggcbardod@gmail.com,2022, Girls,UG,9460131413,https://hte.rajasthan.gov.in/college/ggcbardod
52,Government Girls College Baroda Meo Alwar,Alwar,ggcbarodameo@gmail.com,2022, Girls,UG,1442732336,https://hte.rajasthan.gov.in/college/ggcbarodameoalwar
53,GOVERNMENT COLLEGE MUBARIKPUR,Alwar,gcmmubarikpur@gmail.com,2023, CoEd,UG,9414272340,https://hte.rajasthan.gov.in/college/gcgmubarikpur
54,Government Girls College Bhiwadi,Alwar,govtgirlscollegebhiwadi23@gmail.com,2023, Girls,UG,9414355834,https://hte.rajasthan.gov.in/college/ggcbhiwadi
55,Government Girls CollegeKherli Ganj,Alwar,ggckherliganj23@gmail.com,2023, Girls,UG,99999999999,https://hte.rajasthan.gov.in/college/ggckherliganj23
56,Government Girls College Narayanpur,Alwar,ggcnarayanpur23@gmail.com,2023, Girls,UG,9799613389,https://hte.rajasthan.gov.in/college/rrbmualwar
57,Government Girls College Bahadurpur Alwar,Alwar,ggcbahadurpur@gmail.com,, Girls,,144273233,https://hte.rajasthan.gov.in/college/ggcbahadurpur
58,"SHRI GOVIND GURU GOVERNMENT COLLEGE, BANSWARA",Banswara,govtcollegebsw@gmail.com,1959, CoEd,PG,02962-254022,https://hte.rajasthan.gov.in/college/gcbanswara
59,HARIDEV JOSHI RAJKIYA KANYA MAHAVIDHYALAYA BANSWARA,Banswara,gc.banswara@rajasthan.gov.in,1995, Girls,PG,02962-244162,https://hte.rajasthan.gov.in/college/ggcbanswara
60,SW. MAMA BALESHWAR DAYAL GOVT. P.G. COLLEGE KUSHALGARH BANSWARA (RAJ.),Banswara,mbdcollege21@gmail.com,1990, CoEd,PG,02965 - 275276,https://hte.rajasthan.gov.in/college/gckushalgarh
61,"GOVERNMENT COLLEGE SAJJANGARH, BANSWARA",Banswara,gcsajjangarh@gmail.com,2019, CoEd,UG,8209782686,https://hte.rajasthan.gov.in/college/gcsajjangarh
62,GOVERNMENT COLLEGE GANGARTALAI,Banswara,gcgangadtalai@gmail.com,2020, CoEd,UG,9983891008,https://hte.rajasthan.gov.in/college/gcgangartalai
63,Government College Chhoti Sarwan,Banswara,gcchhotisarvan@gmail.com,2020, CoEd,UG,8005998047,https://hte.rajasthan.gov.in/college/gcchhotisarvan
64,GOVT GIRLS COLLEGE KUSHALGARH,Banswara,ggckushalgarh@gmail.com,2022, Girls,UG,9414725608,https://hte.rajasthan.gov.in/college/ggckushalgarh
65,Government college anandpuri,Banswara,govtcollegeanandpuri@gmail.com,2022, CoEd,UG,9602637100,https://hte.rajasthan.gov.in/college/gcanandpuri
66,Government College Partapur,Banswara,gcpartapurgarhi@gmail.com,2023, CoEd,UG,99999999999,https://hte.rajasthan.gov.in/college/gcpartapur
67,"Government Girls College, Baran (Rajasthan)",Baran,girlscollegebaran@yahoo.com,1995, Girls,PG,+91-7453-230279,https://hte.rajasthan.gov.in/college/ggcbaran
68,Government P.G College Baran,Baran,principalgcbaran@gmail.com,1966, CoEd,PG,07453-230072,https://hte.rajasthan.gov.in/college/gcbaran
69,Government College Chhabra (Baran),Baran,principalgcchhabra@gmail.com,2016, CoEd,UG,07452222084,https://hte.rajasthan.gov.in/college/gcchhabra
70,Goverment College mangrol,Baran,gcmangrol@gmail.com,2016, CoEd,UG,07457223311,https://hte.rajasthan.gov.in/college/gcmangrol
71,Govt. College Kelwara,Baran,principal.gckelwara@gmail.com,2008, CoEd,UG,07460213063,https://hte.rajasthan.gov.in/college/gckelwara
72,"Government College, Antah",Baran,gcantah8@gmail.com,2017, CoEd,UG,07457244111,https://hte.rajasthan.gov.in/college/gcantah
73,"GOVERNMENT COLLEGE, ATRU (BARAN)",Baran,gcatru2018@gmail.com,2018, CoEd,UG,7791812933,https://hte.rajasthan.gov.in/college/gcatru
74,Government College Shahbad,Baran,gc.shbd2020@gmail.com,2019, CoEd,UG,07460-262360,https://hte.rajasthan.gov.in/college/gcshahbad
75,Shri Premsingh Shinghvi Government College Chhipabarod (Baran),Baran,gcchhipabarod@gmail.com,2020, CoEd,UG,+917454-285053,https://hte.rajasthan.gov.in/college/spcgcchhipabarod
76,Government Girls College   Kelwara,Baran,ggckelwara@gmail.com,2022, Girls,UG,9460244537,https://hte.rajasthan.gov.in/college/
77,Government Girls College Chhabra,Baran,ggcprincipalchhabra@gmail.com,2022, Girls,UG,09413009111,https://hte.rajasthan.gov.in/college/ggcchhabra
78,GOVERNMENT GIRLS COLLEGE ATRU BARAN,Baran,ggcatru2022@gmail.com,2022, Girls,UG,9530299202,https://hte.rajasthan.gov.in/college/ggcatru
79,Government College Nahargarh,Baran,principalgcnahargarh@gmail.com,2022, CoEd,UG,7589094534,https://hte.rajasthan.gov.in/college/gcnahargarh
80,Government College Seeswali,Baran,gcsiswali2023@gmail.com,2023, CoEd,UG,99999999999,https://hte.rajasthan.gov.in/college/gcsiswali2023
81,Government Girls College shahbad,Baran,ggcshahbad@gmail.com,2023, Girls,UG,9928719595,https://hte.rajasthan.gov.in/college/ggcshahbad
82,"D.R.J.Government Girls P.G. College, BALOTRA",Barmer,govtgirlscollegebalotra@yahoo.in,1997, Girls,PG,02988224101,https://hte.rajasthan.gov.in/college/ggcbalotra
83,"MOOLCHAND BHAGWANDAS RANGWALA GOVERNMENT P.G. COLLEGE, BALOTRA (District-Barmer) Pin-344022  A NAAC Awarded Grade ""B"" Institute",Barmer,mbrgcb@rediff.com,1991, CoEd,PG,02988240852,https://hte.rajasthan.gov.in/college/gcbalotra
84,"Veer Narayan Parmar Government College Siwana, Balotra",Barmer,gcsiwana@gmail.com,2015, CoEd,PG,2901230030,https://hte.rajasthan.gov.in/college/gcsiwana
85,GOVT COLLEGE GUDAMALANI,Barmer,gcgudamalani@gmail.com,2013, CoEd,PG,02983280085,https://hte.rajasthan.gov.in/college/gcgudhamalani
86,"Government College, Barmer",Barmer,principalgcbarmer1965@gmail.com,1965, CoEd,PG,02982-220034,https://hte.rajasthan.gov.in/college/gcbarmer
87,"Government College, Baytu",Barmer,gcbaytu2014@gmail.com,2014, CoEd,PG,02982-241048,https://hte.rajasthan.gov.in/college/gcbaytoo
88,"M.B.C. GOVT. GIRLS COLLEGE, BARMER (RAJASTHAN)",Barmer,mbcggc@gmail.com,1997, Girls,PG,02982-230515,https://hte.rajasthan.gov.in/college/ggcbarmer
89,"Government College, Chouhtan",Barmer,gcchouthan@gmail.com,2018, CoEd,UG,7073240067,https://hte.rajasthan.gov.in/college/gcchouhtan
90,GOVERNMENT COLLEGE SHEO DISTRICT BARMER,Barmer,gcsheo@gmail.com,2018, CoEd,UG,9460462293,https://hte.rajasthan.gov.in/college/gcsheo
91,Government College Dhorimana,Barmer,govtcollegedhorimana@gmail.com,2019, CoEd,UG,8890054399,https://hte.rajasthan.gov.in/college/gcdhorimana
92,Government College Gadra Road Barmer,Barmer,gcgadra.gs@gmail.com,2020, CoEd,UG,9468964603,https://hte.rajasthan.gov.in/college/gcgadra
93,Government College Sindhari,Barmer,governmentcollegesindhri@gmail.com,2020, CoEd,UG,9413760306,https://hte.rajasthan.gov.in/college/gcsindhri
94,Government college sedwa,Barmer,gcsedwa2020@gmail.com,2020, CoEd,UG,2982220034,https://hte.rajasthan.gov.in/college/gcsedwa
95,GOVERNMENT COLLEGE PATODI,Barmer,govtcollegepatodi@gmail.com,2020, CoEd,UG,2988240852,https://hte.rajasthan.gov.in/college/gcpatodi
96,Government College Samdari,Barmer,govtcollegesamdari@gmail.com,2020, CoEd,UG,9414760058,https://hte.rajasthan.gov.in/college/gcsamdari
97,Government College Nokhada,Barmer,gcnokhada@gmail.com,2021, CoEd,UG,2983280085,https://hte.rajasthan.gov.in/college/gcnokhada
98,Government College Kalyanpur,Barmer,gckalyanpur@gmail.com,2021, CoEd,UG,9983535105,https://hte.rajasthan.gov.in/college/gckalyanpur
99,GOVERNMENT GIRLS COLLEGE  BAYTU,Barmer,ggcbaytu2022@gmail.com,2022, Girls,UG,2982241048,https://hte.rajasthan.gov.in/college/ggcbaytu
100,GOVERNMENT GIRLS COLLEGE SIWANA,Barmer,ggcsiwana@gmail.com,2022, Girls,UG,9591548204,https://hte.rajasthan.gov.in/college/ggcsiwana
101,Government Girls College Samdari,Barmer,ggcsamdari@gmai.com,2023, Girls,UG,9314717511,https://hte.rajasthan.gov.in/college/ggcsamdari
102,Government College Goliya Jetmal,Barmer,gcgoliyajetmal@gmail.com,2023, CoEd,UG,99999999999,https://hte.rajasthan.gov.in/college/gcgoliyajetmal
103,Government College Vishala,Barmer,gcvishala@gmail.com,2023, CoEd,UG,99999999999,https://hte.rajasthan.gov.in/college/gcvishala
104,Government College Gida,Barmer,gcgida2023@gmail.com,2023, CoEd,UG,9829613234,https://hte.rajasthan.gov.in/college/gcgida
105,"RAMESHWARI DEVI GIRLS COLLEGE, BHARATPUR (RAJ.)  (A State Government Girls PG College)",Bharatpur,rdgirls@gmail.com,1971, Girls,PG,5644-222774,https://hte.rajasthan.gov.in/college/ggcbharatpur
106,"M. S. J. Govt. P G College, Bharatpur, Raj. 321001",Bharatpur,msjc47@gmail.com,1947, CoEd,PG,05644-225660,https://hte.rajasthan.gov.in/college/gcbharatpur
107,"GOVERNMENT LAW COLLEGE, BHARATPUR",Bharatpur,glcprincipalbharatpur@yahoo.in,2006, CoEd,PG,9414294858,https://hte.rajasthan.gov.in/college/glcbharatpur
108,"DEVNARAYAN GOVERNMENT GIRLS COLLEGE, BAYANA",Bharatpur,govtgirlscollegebayana@gmail.com,2012, Girls,UG,05648225121,https://hte.rajasthan.gov.in/college/ggcbayana
109,"M.A.J. Government College,Deeg (Bharatpur)",Bharatpur,majgovtcollegedeeg3@gmail.com,1977, CoEd,PG,05641-220084,https://hte.rajasthan.gov.in/college/gcdeeg
110,"GOVT. P.G. COLLEGE, BAYANA, BHARATPUR",Bharatpur,govtcollegebayana@gmail.com,1991, CoEd,PG,5648222135,https://hte.rajasthan.gov.in/college/gcbayana
111,"Government College, Nadbai",Bharatpur,gcnadbai@gmail.com,2018, CoEd,UG,9252266588,https://hte.rajasthan.gov.in/college/gcnadbai
112,"Government College, Kaman",Bharatpur,gckamanbharatpur@gmail.com,2018, CoEd,UG,9024242552,https://hte.rajasthan.gov.in/college/gckaman
113,Government College Nagar,Bharatpur,governmentcollegenagar@gmail.com,2018, CoEd,UG,9460502657,https://hte.rajasthan.gov.in/college/gcnagar
114,GOVERNMENT COLLEGE WEIR,Bharatpur,gcweir2019@gmail.com,2019, CoEd,UG,8279225584,https://hte.rajasthan.gov.in/college/gcweir
115,Govt.College Uchchain,Bharatpur,gcuchchain@gmail.com,2019, CoEd,UG,9414364628,https://hte.rajasthan.gov.in/college/gcuchchain
116,Government College Pahari,Bharatpur,paharigovernmentcollege@gmail.com,2019, CoEd,UG,9414715300,https://hte.rajasthan.gov.in/college/gcpahari
117,GOVERNMENT COLLEGE SIKRI,Bharatpur,govtcollegesikri@gmail.com,2020, CoEd,UG,9414402894,https://hte.rajasthan.gov.in/college/gcsikri
118,Government College Rupwas,Bharatpur,gcrupwas@gmail.com,2020, CoEd,UG,00000 000000,https://hte.rajasthan.gov.in/college/gcrupwas
119,Govt Girls College Uchchain,Bharatpur,girlscollegeuchchain@gmail.com,2022, Girls,UG,9414377061,https://hte.rajasthan.gov.in/college/ggcuchchain
120,"Government Girls College, Peepla",Bharatpur,ggcpeepla@gmail.com,2022, Girls,UG,9460478705,https://hte.rajasthan.gov.in/college/ggcpeeplabharatpur
121,Government Girls College Deeg,Bharatpur,ggcdeeg@gmail.com,2022, Girls,UG,9414712217,https://hte.rajasthan.gov.in/college/ggcdeeg
122,Government Girls College Jhaltala,Bharatpur,ggcjhaltala@gmail.com,2022, Girls,UG,7727857415,https://hte.rajasthan.gov.in/college/ggcjhaltala
123,Government Girls College Nithar,Bharatpur,ggcnithar@gmail.com,2023, Girls,UG,9928403121,https://hte.rajasthan.gov.in/college/ggcnithar
124,Government girls College Sikri,Bharatpur,ggcsikri@gmail.com,2023, Girls,UG,7742403904,https://hte.rajasthan.gov.in/college/ggcsikri
125,Government Girls College Nadbai,Bharatpur,ggcnadbai@gmai.com,2023, Girls,UG,9027326560,https://hte.rajasthan.gov.in/college/ggcnadbai
126,Government College Bhusawar,Bharatpur,gcbhusawar2023@gmail.com,2023, CoEd,UG,99999999999,https://hte.rajasthan.gov.in/college/gcbhusawar2023
127,Government Girls College Rudawal,Bharatpur,govtgirlscollegerudawal@gmail.com,2023, Girls,UG,9887602981,https://hte.rajasthan.gov.in/college/gcrudawal
128,Govt Girls College Kaman,Bharatpur,ggckamanbharatpur@gmail.com,, Girls,,5640299327,https://hte.rajasthan.gov.in/college/ggckaman
129,"Govt. College, Asind",Bhilwara,gcasind2013@gmail.com,2013, CoEd,UG,1480-0220154,https://hte.rajasthan.gov.in/college/gcasind
130,"Shri Shiv Charan Mathur Government College, Mandalgarh",Bhilwara,mandalgarh.govtcollege@gmail.com,1999, CoEd,PG,1489-0230515,https://hte.rajasthan.gov.in/college/scmgcmandalgarh
131,S M M Govt. Girls College Bhilwara Rajasthan,Bhilwara,smmkanyacollege@yahoo.co.in,1971, Girls,PG,9829795296,https://hte.rajasthan.gov.in/college/ggcbhilwara
132,"Government P.G. Law College, Bhilwara(Raj.)",Bhilwara,GOVTLAWCOLLEGEBHILWARA@GMAIL.COM,2006, CoEd,PG,8766688347,https://hte.rajasthan.gov.in/college/glcbhilwara
133,"GOVERNMENT COLLEGE,  RAIPUR, BHILWARA",Bhilwara,govtcollegeraipur@gmail.com,2013, CoEd,PG,7597858260,https://hte.rajasthan.gov.in/college/gcraipur
134,"M.L.V. Government College, Bhilwara",Bhilwara,mlv1_bhilwara@yahoo.co.in,1956, CoEd,PG,01482-239970,https://hte.rajasthan.gov.in/college/gcbhilwara
135,"S.P.S.B. Govt College, Shahpura, Rajasthan",Bhilwara,psbgovtcollege@gmail.com,1965, CoEd,PG,01484 222217,https://hte.rajasthan.gov.in/college/gcshahpurabhl
136,Government College Banera,Bhilwara,gcbanera@gmail.com,2017, CoEd,UG,01487-272106,https://hte.rajasthan.gov.in/college/gcbanera
137,"GOVERNMENT COLLEGE, BIJOLIYAN",Bhilwara,gcbijoliya@gmail.com,2017, CoEd,UG,9468605233,https://hte.rajasthan.gov.in/college/gcbijoliya
138,"GOVERNMENT  COLLEGE JAHAZPUR, SHAHPURA (RAJ.)",Bhilwara,gcjahazpur@gmail.com,2019, CoEd,UG,01485-294618,https://hte.rajasthan.gov.in/college/gcjahazpur
139,"Govt College Kareda, Bhilwara",Bhilwara,gckareda@gmail.com,2019, CoEd,UG,9414709089,https://hte.rajasthan.gov.in/college/gckareda
140,GOVERNMENT COLLEGE GANGAPUR BHILWARA,Bhilwara,gcgangapurbhilwara@gmail.com,2020, CoEd,UG,1482239970,https://hte.rajasthan.gov.in/college/gcgangapurbhilwara
141,Kailash Trivedi Government Girls College Gangapur-Bhilwara,Bhilwara,ktggcgangapurbhilwara@gmail.com,2021, Girls,UG,1482251702,https://hte.rajasthan.gov.in/college/ggcgangapur
142,Government Girls College Mandal,Bhilwara,mandalggc@gmail.com,2022, Girls,UG,1482239970,https://hte.rajasthan.gov.in/college/ggcmandal
143,Government Girls College Gulabpura,Bhilwara,ggcgulabpura@gmail.com,2022, Girls,UG,9829665978,https://hte.rajasthan.gov.in/college/GGC GULABPURA BHILWARA
144,Government College Antali,Bhilwara,gcantali2023@gmail.com,2023, CoEd,UG,99999999999,https://hte.rajasthan.gov.in/college/gcantali2023
145,Government College Hamirgarh,Bhilwara,gchamirgarh@gmail.com,2023, CoEd,UG,99999999999,https://hte.rajasthan.gov.in/college/gchamirgarh
146,Government college phulia kalan,Bhilwara,gcphuliakalan@gmail.com,, CoEd,,1484222221,https://hte.rajasthan.gov.in/college/gcphuliakalan
147,Govt Girls College Shahpura,Bhilwara,ggcshahpura23@gmail.com,, Girls,,1484222217,https://hte.rajasthan.gov.in/college/
148,"Government Law P.G. College, Bikaner",Bikaner,pglcbikaner@yahoo.com,2006, CoEd,PG,0151-2202009,https://hte.rajasthan.gov.in/college/glcbikaner
149,GOVT DUNGAR COLLEGE BIKANER,Bikaner,dungarcollegebikaner334001@gmail.com,1935, CoEd,PG,0151-2528036,https://hte.rajasthan.gov.in/college/gcbikaner
150,BHIMSEN CHOUDHARY GOVERNMENT COLLEGE LUNKARANSAR,Bikaner,govt.collegelksr@gmail.com,2013, CoEd,UG,1528-271001,https://hte.rajasthan.gov.in/college/gclksr
151,"GOVERNMENT MAHARANI SUDARSHAN COLLEGE FOR WOMEN, BIKANER (RAJ)  NAAC B+  (Rashtriya Uchchatar Shiksha Abhiyan (RUSA) BENEFICIARY)",Bikaner,mscollege.bkn@gmail.com,1959, Girls,PG,0151-2528163,https://hte.rajasthan.gov.in/college/ggcbikaner
152,"M.L.B. GOVT. COLLEGE,  NOKHA",Bikaner,mlbgcnokha@gmail.com,1996, CoEd,PG,01531221436,https://hte.rajasthan.gov.in/college/gcnokha
153,"Government College, Khajuwala",Bikaner,gckhajuwala@gmail.com,2016, CoEd,UG,01520233000,https://hte.rajasthan.gov.in/college/gckhajuwala
154,"GOVERNMENT COLLEGE, SHRIDUNGARGARH",Bikaner,gcdungargarh@gmail.com,2018, CoEd,PG,01565-294440,https://hte.rajasthan.gov.in/college/gcdungarh
155,Government College Kolayat,Bikaner,gckolayat334302@gmail.com,2018, CoEd,PG,01534-294827,https://hte.rajasthan.gov.in/college/gckolayat
156,Government College Bajju,Bikaner,gcbajju@gmail.com,2019, CoEd,PG,9413566392,https://hte.rajasthan.gov.in/college/gcbajju
157,Government College Chhatargarh,Bikaner,gcchhattargarh2019@gmail.com,2019, CoEd,UG,9602212539,https://hte.rajasthan.gov.in/college/gcchhatargarh
158,GOVERNMENT COLLEGE DESHNOK,Bikaner,gcdeshnok@gmail.com,2020, CoEd,UG,9214196369,https://hte.rajasthan.gov.in/college/gcdeshnok
159,Government Girls College Nokha,Bikaner,ggcnokha@gmail.com,2021, Girls,UG,9829996906,https://hte.rajasthan.gov.in/college/ggcnokha
160,"GOVERNMENT COLLEGE HADAN, BIKANER",Bikaner,govtcollegehadan@gmail.com,2021, CoEd,UG,9772797827,https://hte.rajasthan.gov.in/college/gchadan
161,Government Girls College Dungargarh,Bikaner,ggcdungargarh@gmail.com,2021, Girls,UG,9529738120,https://hte.rajasthan.gov.in/college/ggcdungargarh
162,Government Girls College Kolayat,Bikaner,ggckolayat@gmail.com,2022, Girls,UG,9414003365,https://hte.rajasthan.gov.in/college/ggckolayat
163,GOVERNMENT COLLEGE POOGAL,Bikaner,drsatishg1@gmail.com,2022, CoEd,UG,9351201557,https://hte.rajasthan.gov.in/college/gcpoogal
164,Government College Godu,Bikaner,gcgodu@gmail.com,2023, CoEd,UG,9352828803,https://hte.rajasthan.gov.in/college/gcgodu
165,Government Girls College Bajju,Bikaner,ggcbajju@gmail.com,2023, Girls,UG,9799799616,https://hte.rajasthan.gov.in/college/ggsbajju
166,Government College Gangasahar,Bikaner,gcgangashahar@gmail.com,2023, CoEd,UG,9461472088,https://hte.rajasthan.gov.in/college/gcgangasahar
167,Government Girls College Napasar,Bikaner,ggcnapasar@gmail.com,2023, Girls,UG,9468964603,https://hte.rajasthan.gov.in/college/ggcnapasar
168,Government Girls College Murlidhar Vyas Nagar,Bikaner,ggcmdv.bkn@gmail.com,2023, Girls,UG,9414193564,https://hte.rajasthan.gov.in/college/ggcmurlidharvyasnagar
169,Government College Jasrasar,Bikaner,gcjasrasar@gmail.com,, CoEd,,9252230245,https://hte.rajasthan.gov.in/college/gcjasrasar
170,Government college momasar,Bikaner,gcmomasar@gmail.com,, CoEd,,9929069045,https://hte.rajasthan.gov.in/college/gcmomasar
171,"GOVERNMENT COLLEGE, BUNDI",Bundi,pgcbundi@gmail.com.com,1959, CoEd,PG,07472445415,https://hte.rajasthan.gov.in/college/gcbundi
172,Govt. Girls  College Bundi Rajasthan,Bundi,ggcbnd95@gmail.com,1995, Girls,PG,0747-2443477,https://hte.rajasthan.gov.in/college/ggcbundi
173,"Government Law College, Bundi",Bundi,glcbundi08@gmail.com,2006, CoEd,UG,9309360600,https://hte.rajasthan.gov.in/college/glcbundi
174,Government College Hindoli,Bundi,gchindoli20@gmail.com,2020, CoEd,UG,07472445415,https://hte.rajasthan.gov.in/college/gchindoli
175,Bhagwan Adinath Jairaj Marwara Government College Nainwa,Bundi,satendra.s.gupta@gmail.com,2020, CoEd,UG,9414323979,https://hte.rajasthan.gov.in/college/gcnainwa
176,Government College Talera,Bundi,gctalera@gmail.com,2023, CoEd,UG,99999999999,https://hte.rajasthan.gov.in/college/gctalera
177,"Subash Chandra Bose Govt College Kapasan, Distt. Chittorgarh",Chittorgarh,govtcollegekapasan@gmail.com,2013, CoEd,UG,01476-230241,https://hte.rajasthan.gov.in/college/gckapasan
178,GOVERNMENT GIRLS COLLEGE CHITTORGARH,Chittorgarh,girlscollegecor@gmail.com,1995, Girls,PG,01472251301,https://hte.rajasthan.gov.in/college/ggcchittorgarh
179,"DR. BHIMRAO AMBEDKAR GOVERNMENT P.G. COLLEGE, NIMBAHERA (RAJ.)",Chittorgarh,college.nimbahera@gmail.com,1977, CoEd,PG,01477-294559,https://hte.rajasthan.gov.in/college/gcnimbahera
180,"Maharana Pratap Government PG College, Chittorgarh",Chittorgarh,principalmppg@gmail.com,1962, CoEd,PG,01472-241041,https://hte.rajasthan.gov.in/college/gcchittorgarh
181,"GOVERNMENT COLLEGE , RAWATBHATA",Chittorgarh,rawatbhatacollege2016@gmail.com,2016, CoEd,PG,01475296023,https://hte.rajasthan.gov.in/college/gcrawatbhata
182,"Shri Sanwaliyaji Government College, Mandphia",Chittorgarh,ssgcm1997@gmail.com,1997, CoEd,PG,01470242700,https://hte.rajasthan.gov.in/college/gcmandaphia
183,SAHEED RUPAJI KARPAJI GOVERNMENT COLLEGE BEGUN,Chittorgarh,principalbegun@gmail.com,2017, CoEd,PG,01474294162,https://hte.rajasthan.gov.in/college/GOVT COLLEGE BEGUN
184,Government College Badisadri,Chittorgarh,gcbadisadri@gmail.com,2018, CoEd,UG,7503950506,https://hte.rajasthan.gov.in/college/gcbadisadri
185,GOVERNMENT COLLEGE GANGRAR,Chittorgarh,govtcollegegangrar@gmail.com,2020, CoEd,UG,1472241041,https://hte.rajasthan.gov.in/college/gcgangrar
186,Government Girls College Bassi,Chittorgarh,ggcbassi2022@gmail.com,2022, Girls,UG,1472251301,https://hte.rajasthan.gov.in/college/ggcbassichittor
187,Government College Ghosunda,Chittorgarh,principalgcghosunda@gmail.com,2023, CoEd,UG,99999999999,https://hte.rajasthan.gov.in/college/principalgcghosunda
188,Government Girls College Kapasan,Chittorgarh,govtgirlscollegekapasan@gmail.com,, Girls,,1476230241,https://hte.rajasthan.gov.in/college/ggckapasan
189,"Government Lohia College, Churu",Churu,lohiacollegechuru@gmail.com,1949, CoEd,PG,0156-2250362,https://hte.rajasthan.gov.in/college/gcchuru
190,"GOVERNMENT LAW COLLEGE, CHURU (RAJ.)",Churu,glcchuru@gmail.com,2006, CoEd,UG,9414278556,https://hte.rajasthan.gov.in/college/glcchuru
191,"Government College, Rajgarh (Churu)",Churu,gcrchuru@gmail.com,2014, CoEd,PG,01559-222001,https://hte.rajasthan.gov.in/college/gcrajgarhchuru
192,"Government College, Ratangarh",Churu,gcrtgrh@gmail.com,1990, CoEd,PG,01567-223150,https://hte.rajasthan.gov.in/college/gcratangarh
193,"G.H.S. Government College, Sujangarh (Churu)",Churu,gcsujangarh@gmail.com,1968, CoEd,PG,01581-280184,https://hte.rajasthan.gov.in/college/gcsujangarh
194,Govt Girls College Taranagar,Churu,govtgirlscollegetaranagar@gmail.com,2014, Girls,PG,01561241333,https://hte.rajasthan.gov.in/college/ggctaranagar
195,"S.B.D.Government College, Sardarshahar",Churu,sbdgcs@gmail.com,1960, CoEd,PG,015464-220027,https://hte.rajasthan.gov.in/college/gcsardarsahar
196,"S.K.D.L Govt. Girls College, Ratangarh (Churu)",Churu,girlscollegeratangarh@gmail.com,1997, Girls,PG,01567-223100,https://hte.rajasthan.gov.in/college/ggcratangarh
197,"M.J.D. Government College, Taranagar",Churu,mjdtaranagar@gmail.com,1999, CoEd,PG,01561241607,https://hte.rajasthan.gov.in/college/gctaranagar
198,"SHRI SANWARLAL JI SUSHILA DEVI SUTHAR GOVT. COLLEGE, BIDASAR",Churu,gcbidasar@gmail.com,2018, CoEd,PG,01560262718,https://hte.rajasthan.gov.in/college/govtcollegeBidasar
199,"Swami Gopaldas Government Girls College, Churu",Churu,girlscollegechuru@gmail.com,2017, Girls,UG,01562-252261,https://hte.rajasthan.gov.in/college/gcechuru
200,"GOVERNMENT GIRLS COLLEGE, RAJGARH (CHURU)",Churu,ggcrajgarh.nit@gmail.com,2019, Girls,UG,01559222777,https://hte.rajasthan.gov.in/college/ggcrajgarh
201,Government College rajaldesar,Churu,govtcollegerajaldesar@gmail.com,2020, CoEd,UG,8104720368,https://hte.rajasthan.gov.in/college/gcrajaldesar
202,Government Girls college Sardarshahar,Churu,ggcsardarshahar@gmail.com,2021, Girls,UG,9828775005,https://hte.rajasthan.gov.in/college/ggcsardarsahar
203,Master Bhanwarlal Meghwal Govt Girls College Sujangarh,Churu,ggcsujangarh@gmail.com,2021, Girls,UG,01581280184,https://hte.rajasthan.gov.in/college/ggcsujangarh
204,"Government College, Sahwa (Churu)",Churu,gcsahwa@gmail.com,2021, CoEd,UG,9650680317,https://hte.rajasthan.gov.in/college/gcsahawa
205,"GOVERNMENT GIRLS COLLEGE, SANDWA",Churu,ggcsandwa@gmail.com,2022, Girls,UG,01581280184,https://hte.rajasthan.gov.in/college/ggcsandwa
206,Government College Sidhmukh Churu,Churu,gcsidhmukh@gmail.com,2022, CoEd,UG,1559222001,https://hte.rajasthan.gov.in/college/gcsidhmukh
207,RAJESH PILOT GOVT. PG COLLEGE LALSOT,Dausa,rpgclalsot@gmail.com,1999, CoEd,PG,01431-213423     9414038057,https://hte.rajasthan.gov.in/college/gclalsot
208,SRP Government P.G. College Bandikui,Dausa,srpgc.bandikui@gmail.com,1977, CoEd,PG,0142-0228049,https://hte.rajasthan.gov.in/college/srpgovtcollegebandikui
209,"Shahid Ramkesh Meena Government College, Sikrai (Dausa)",Dausa,gcsikrai@gmail.com,2013, CoEd,UG,9785433082,https://hte.rajasthan.gov.in/college/govtcollegesikrai
210,"SRI SANT SUNDARDAS GOVERNMENT GIRLS COLLEGE, DAUSA",Dausa,girlscollegedausa@gmail.com,1996, Girls,PG,01427220515,https://hte.rajasthan.gov.in/college/ggcdausa
211,Dr. BhimRao Ambedkar Govt College Mahuwa,Dausa,gcmahuwa@gmail.com,2015, CoEd,UG,9414847160,https://hte.rajasthan.gov.in/college/gcmahuwa
212,"Government Girls College, Lalsot",Dausa,ggclalsot2013@gmail.com,2013, Girls,UG,9461861489,https://hte.rajasthan.gov.in/college/ggclalsot
213,"Swargiya P.N.K.S. Government PG College, Dausa",Dausa,gpgcdausa@gmail.com,1960, CoEd,PG,01427223111,https://hte.rajasthan.gov.in/college/gcscdausa
214,"Government Girls College, Sikandra (Dausa)",Dausa,ggcsikandra@gmail.com,2019, Girls,UG,9414821755,https://hte.rajasthan.gov.in/college/gcsikandra
215,Government Girls College Bandikui,Dausa,ggcbandikui@gmail.com,2019, Girls,UG,01420228691,https://hte.rajasthan.gov.in/college/ggcbandikui
216,Government College Nangal Rajawatan,Dausa,gcnangalrajawatan@gmail.com,2020, CoEd,UG,1427220515,https://hte.rajasthan.gov.in/college/gcrajawatan
217,"Government College, Baswa",Dausa,gcbaswa@gmail.com,2021, CoEd,UG,9785828496,https://hte.rajasthan.gov.in/college/gcbaswa
218,Goverment College Mandawar,Dausa,gcmandawar@gmail.com,2021, CoEd,UG,9461403721,https://hte.rajasthan.gov.in/college/gcmandawar
219,GOVERNMENT GIRLS COLLEGE RAMGARH PACHWARA DAUSA,Dausa,ggcramgarhpachwara@gmail.com,2021, Girls,UG,9414038057,https://hte.rajasthan.gov.in/college/ggcramgarhpachwara
220,GOVERNMENT GIRLS COLLEGE MAHUWA,Dausa,ggcollegemahuwa@gmail.com,2022, Girls,UG,8178472147,https://hte.rajasthan.gov.in/college/ggcollegemahuw
221,GOVERNMENT GIRLS COLLEGE SAINTHAL DISTRICT DAUSA,Dausa,ggcsainthal@gmail.com,2022, Girls,UG,1427223111,https://hte.rajasthan.gov.in/college/ggcsanthal
222,GOVERNMENT GIRLS COLLEGE LAWAN,Dausa,girlscollegelawan@gmail.com,2022, Girls,UG,9530193541,https://hte.rajasthan.gov.in/college/ggclawan
223,Government Girls College Mandawari,Dausa,ggcmandawari2022@gmail.com,2022, Girls,UG,9928376685,https://hte.rajasthan.gov.in/college/
224,"Government Girls College, Abhaneri",Dausa,ggcabhaneri@gmail.com,2023, Girls,UG,01420228049,https://hte.rajasthan.gov.in/college/GgcAbhaneri
225,Government Girls College Bhandarej,Dausa,ggcbhandarej2023@gmail.com,2023, Girls,UG,9414705857,https://hte.rajasthan.gov.in/college/bhandarej
226,Government College Bagdi,Dausa,gcbagdi2023@gmail.com,2023, CoEd,UG,99999999999,https://hte.rajasthan.gov.in/college/gc bagdi 2023
227,Government College Geejgarh (dausa) RAJ.,Dausa,gcgeejgarh1@gmail.com,2023, CoEd,UG,9782613667,https://hte.rajasthan.gov.in/college/367
228,Government College Talchiri,Dausa,gctalchidi@gmail.com,2023, CoEd,UG,99999999999,https://hte.rajasthan.gov.in/college/gctalchidi
229,Government College Kallawas,Dausa,gckallawas2023@gmail.cm,2023, CoEd,UG,9928376685,https://hte.rajasthan.gov.in/college/gckallawas
230,Government Girls College Chhareda,Dausa,ggcchhareda2023@gmail.com,2023, Girls,UG,99999999999,https://hte.rajasthan.gov.in/college/ggcchhareda2023
231,Government Law College Dausa,Dausa,glcdausa2023@gmail.com,, CoEd,,9414335960,https://hte.rajasthan.gov.in/college/glcdausa2023
232,"Government College, Dholpur",Dholpur,college-dho-rj@gov.in,1961, CoEd,PG,9414238409,https://hte.rajasthan.gov.in/college/gcdholpur
233,"Govt. Law College, Dholpur",Dholpur,govtlawcollegedholpur1117@gmail.com,2006, CoEd,UG,9414339011,https://hte.rajasthan.gov.in/college/glcdholpur
234,Govt. Girls College Dholpur,Dholpur,girlscollegedholpur@gmail.com,2014, Girls,PG,05642224000,https://hte.rajasthan.gov.in/college/ggcdholpur
235,"GOVERNMENT COLLEGE RAJAKHERA, DHOLPUR",Dholpur,gcrajakhera@gmail.com,2016, CoEd,PG,9413105227,https://hte.rajasthan.gov.in/college/gcrajakhera
236,"Govt College, Bari",Dholpur,govt.collegebari15@gmail.com,2014, CoEd,PG,7062215747,https://hte.rajasthan.gov.in/college/gcbari
237,Govt. College Baseri,Dholpur,gcbaseri@gmail.com,2018, CoEd,PG,9782032111,https://hte.rajasthan.gov.in/college/gcbaseri
238,Government College Saipau,Dholpur,gcsaipau@gmail.com,2019, CoEd,UG,8385953289,https://hte.rajasthan.gov.in/college/gcsaipau
239,Government college Sarmathura,Dholpur,gcsarmathura@gmail.com,2020, CoEd,UG,7982551868,https://hte.rajasthan.gov.in/college/gcsarmathura
240,"GOVERNMENT COLLEGE BASAI NAWAB, DHOLPUR",Dholpur,gcbasainawab@gmail.com,2020, CoEd,UG,7742268988,https://hte.rajasthan.gov.in/college/gcbasainawab
241,Government Girls College Bari,Dholpur,barigovtgirlscollege@gmail.com,2021, Girls,UG,7891676734,https://hte.rajasthan.gov.in/college/ggcbari
242,Government College Mania,Dholpur,gcmania@gmail.com,2021, CoEd,UG,9462351822,https://hte.rajasthan.gov.in/college/gcmania
243,Government Girls college Marena,Dholpur,governmantgirlscollegemarena@gmail.com,2022, Girls,UG,9414583861,https://hte.rajasthan.gov.in/college/ggcmarena
244,"Late Shri Bhikabhai Bhil Govt. College, Sagwara",Dungarpur,govtcollegesagwara@yahoo.in,1997, CoEd,PG,02966-252731,https://hte.rajasthan.gov.in/college/gcsagwara
245,"S.B.P. GOVERNMENT PG  COLLEGE , DUNGARPUR -314001",Dungarpur,sbpgcd@gmail.com,1961, CoEd,PG,02964-232523,https://hte.rajasthan.gov.in/college/gcdungarpur
246,Veer Bala Kali Bai Government Girls College,Dungarpur,vkbcollegedpr@gmail.com,1996, Girls,PG,02964-232263,https://hte.rajasthan.gov.in/college/ggcdungarpur
247,Govt. College Simalwara,Dungarpur,gcsimalwara@gmail.com,2017, CoEd,UG,02964-240027,https://hte.rajasthan.gov.in/college/gcsimalwara
248,"GOVERNMENT COLLEGE BICHHIWARA , DUNGARPUR",Dungarpur,gcbicchiwara@gmail.com,2018, CoEd,UG,9571023817,https://hte.rajasthan.gov.in/college/gcbichhiwara
249,"Government College, Chikhali",Dungarpur,gcchikhali@gmail.com,2021, CoEd,UG,9783421042,https://hte.rajasthan.gov.in/college/gcchikhali
250,Government College Ramsagra,Dungarpur,gcramsagra@gmail.com,2022, CoEd,UG,9928992172,https://hte.rajasthan.gov.in/college/gcramagra
251,Government College Chorasi Dungarpur,Dungarpur,principalgcchourasi@gmail.com,2022, CoEd,UG,9887675733,https://hte.rajasthan.gov.in/college/gcchorasi
252,Government College Paldewal,Dungarpur,gcpaldewal@gmail.com,2022, CoEd,UG,9414723881,https://hte.rajasthan.gov.in/college/gcpaldewal
253,"GOVERNMENT GIRLS COLLEGE, GALIYAKOT",Dungarpur,ggcgaliakot@gmail.com,2023, Girls,UG,02966-252731,https://hte.rajasthan.gov.in/college/ggcgaliakot
254,GOVERNMENT COLLEGE SABLA DUNGARPUR,Dungarpur,govtcollegesabla@gmail.com,, CoEd,,9509103371,https://hte.rajasthan.gov.in/college/gcsabla
255,"Government Nehru Memorial College, Hanumangarh",Hanumangarh,govtnmcollege@gmail.com,2010, CoEd,PG,01552-223163,https://hte.rajasthan.gov.in/college/gchanumangarh
256,"SHRIMATI NARBADA DEVI BIHANI GOVERNMENT POST GRADUATE COLLEGE, NOHAR",Hanumangarh,ndbgovtcollege@gmail.com,1984, CoEd,PG,01555-220233,https://hte.rajasthan.gov.in/college/gcnohar
257,Government College Bhadara,Hanumangarh,gcbhadara@gmail.com,2018, CoEd,UG,9680276727,https://hte.rajasthan.gov.in/college/gcbhadara
258,"GOVERNMENT GIRLS COLLEGE, HANUMANGARH (JUNCTION) 335512",Hanumangarh,ggchanumangarh@gmail.com,2019, Girls,UG,9929610522,https://hte.rajasthan.gov.in/college/ggchanumangarh
259,Government Girls College Nohar,Hanumangarh,ndbgovtcollege@gmail.com,2021, Girls,UG,9414636072,https://hte.rajasthan.gov.in/college/ggcnohar
260,GOVERNMENT COLLEGE RAWATSAR,Hanumangarh,gcrawatsar@gmail.com,2022, CoEd,UG,9414503357,https://hte.rajasthan.gov.in/college/GOVERNMENT COLLEGE RAWATSAR
261,GOVERNMENT COLLEGE TIBBI,Hanumangarh,govtcollegetibbi@gmail.com,2022, CoEd,UG,9462356746,https://hte.rajasthan.gov.in/college/gctibbi
262,Government College Sangaria,Hanumangarh,gcsangaria@gmail.com,2023, CoEd,UG,9460087591,https://hte.rajasthan.gov.in/college/gcsangaria
263,Government Girls College Pilibanga,Hanumangarh,ggcpilibanga@gmail.com,2023, Girls,UG,8079050444,https://hte.rajasthan.gov.in/college/ggcpilibanga
264,Government College Pallu,Hanumangarh,gcpallu@gmail.com,2023, CoEd,UG,99999999999,https://hte.rajasthan.gov.in/college/gcpallu
265,RAJASTHAN SCHOOL OF ART,Jaipur,rajschoolart2013@gmail.com,1866, CoEd,PG,0141-2704333,https://hte.rajasthan.gov.in/college/gcrsajaipur
266,GOVERNMENT COLLEGE JAIPUR,Jaipur,govtcollegejaipur@gmail.com,2013, CoEd,UG,0141-2709093,https://hte.rajasthan.gov.in/college/gcjaipur
267,"Lal Bahadur Shastri Government College, Kotputli, District-Jaipur(Raj.)",Jaipur,govtcollegekotputli@gmail.com,1962, CoEd,PG,1421-248008,https://hte.rajasthan.gov.in/college/gckotputli
268,Baba Gangadas Government Girls college Shahpura Jaipur,Jaipur,ggcshahpura@gmail.com,1997, Girls,PG,01422272995,https://hte.rajasthan.gov.in/college/ggcshahpurajpr
269,"Government Shakambhar P.G. College, Sambhar Lake, Jaipur (NAAC B + Grade)",Jaipur,gcslake@gmail.com,1970, CoEd,PG,01425-228407,https://hte.rajasthan.gov.in/college/gcsambherlake
270,"SMT. PANA DEVI MORIJAWALA  GOVT. P.G. GIRLS COLLEGE , KOTPUTLI",Jaipur,pdmgovtgirlscollege@gmail.com,1997, Girls,PG,1421-0249112,https://hte.rajasthan.gov.in/college/ggckotputli
271,"BND GOVT. ARTS COLLEGE , CHIMANPURA (SHAHPURA )",Jaipur,bndcollege2015@gmail.com,2014, CoEd,PG,9772238822,https://hte.rajasthan.gov.in/college/gcachimanpura
272,"B. B. D.  GOVT.  COLLEGE , CHIMANPURA (SHAHPURA)",Jaipur,collegebbd@gmail.com,1977, CoEd,PG,9414622987,https://hte.rajasthan.gov.in/college/gcsccchimanpura
273,"Seth RL Saharia Government PG College, Kaladera, Jaipur",Jaipur,rlscollegekaladera@gmail.com,1959, CoEd,PG,01423-265828,https://hte.rajasthan.gov.in/college/gckaladera
274,"GOVERNMENT GIRLS COLLEGE, CHOMU",Jaipur,ggc_chomu@yahoo.com,1999, Girls,PG,01423223224,https://hte.rajasthan.gov.in/college/ggcchomu
275,"Rajasthan Sangeet Sansthan, Jaipur",Jaipur,rjsangeetsansthan@gmail.com,1950, CoEd,PG,01412701064,https://hte.rajasthan.gov.in/college/gcrssjaipur
276,Government College Dudu,Jaipur,gcdudurajasthan@gmail.com,2017, CoEd,UG,9414363733,https://hte.rajasthan.gov.in/college/gcdudu
277,"Government Girls College, Kishanpole , Jaipur",Jaipur,ggckishanpolejpr@gmail.com,2019, Girls,UG,0141 9414069967,https://hte.rajasthan.gov.in/college/ggcjaipur
278,"Govt.College Bassi,Jaipur (Rajasthan)",Jaipur,gcbassi19@gmail.com,2019, CoEd,PG,01429-294262,https://hte.rajasthan.gov.in/college/gcbassi
279,"Government PG College Viratnagar, Jaipur",Jaipur,gcviratnagar@gmail.com,2019, CoEd,PG,9460143132,https://hte.rajasthan.gov.in/college/gcviratnagar
280,"Government P.G.College Jamwaramgarh,Jaipur",Jaipur,gcjamwaramgarh2019@gmail.com,2019, CoEd,UG,9414399039,https://hte.rajasthan.gov.in/college/gcjamwaramgarh
281,Government College Phagi,Jaipur,govtcollegephagi@gmail.com,2019, CoEd,UG,9462717101,https://hte.rajasthan.gov.in/college/gcphagi
282,GOVERNMENT COLLEGE CHAKSU,Jaipur,govtcollegechaksujaipur@gmail.com,2019, CoEd,UG,01429-294078,https://hte.rajasthan.gov.in/college/gcchaksu
283,Goverment College Sanganer,Jaipur,gcsanganer@gmail.com,2019, CoEd,UG,0141-2943720,https://hte.rajasthan.gov.in/college/gcsanganer
284,Government College Jamdoli,Jaipur,govtcollegejamdoli@gmail.com,2020, CoEd,UG,6375292432,https://hte.rajasthan.gov.in/college/gcjamdoli
285,Government College Kotkhawada,Jaipur,govtcollegekotkhawada@gmail.com,2020, CoEd,UG,7014871097,https://hte.rajasthan.gov.in/college/gckotkhawada
286,Government College Radawas,Jaipur,radawascollege@gmail.com,2020, CoEd,UG,9414466923,https://hte.rajasthan.gov.in/college/gcege
287,"Shri Radha Govind Government College, Kanwar Nagar, Bhrampuri, Jaipur",Jaipur,govtcollegebhrampuri@gmail.com,2020, CoEd,UG,0141-2634641,https://hte.rajasthan.gov.in/college/gcbhrampuri
288,GOVERNMENT COLLEGE BAGRU,Jaipur,principalgcbagru2020@gmail.com,2020, CoEd,UG,9462688656,https://hte.rajasthan.gov.in/college/gcbagru
289,GOVERNMENT COLLEGE ANDHI,Jaipur,gcandhi2022@gmail.com,2022, CoEd,UG,8890098538,https://hte.rajasthan.gov.in/college/gcandhi
290,Government Girls College Chaksu,Jaipur,govtgirlscollegechaksu@gmail.com,2022, Girls,UG,01429243778,https://hte.rajasthan.gov.in/college/govtgirlscollegechaksu
291,"Government Girls College Vidyadhar Nagar, Jaipur",Jaipur,ggcvdnjaipur@gmail.com,2022, Girls,UG,14100000,https://hte.rajasthan.gov.in/college/ggcvdnjaipur
292,"Government Girls College, Gangori Bazar, Jaipur",Jaipur,ggcggbjaipur@gmail.com,2021, Girls,UG,9414522447,https://hte.rajasthan.gov.in/college/ggcgangoribazarjpr
293,Government Girls College Dudu,Jaipur,ggcdudu22@gmail.com,2022, Girls,UG,9413205943,https://hte.rajasthan.gov.in/college/ggcdudu
294,Government Girls College Sanganer,Jaipur,ggcsanganer2022@gmail.com,2022, Girls,UG,7976363514,https://hte.rajasthan.gov.in/college/ggcs
295,"GOVERNMENT GIRLS COLLEGE GOVINDGARH, JAIPUR",Jaipur,ggcgovindgarh@gmail.com,2022, Girls,UG,01423223224,https://hte.rajasthan.gov.in/college/ggcgovindgarh
296,Govt College Kishangarh Renwal,Jaipur,gckishangarhrenwal@gmail.com,2022, CoEd,UG,9672399320,https://hte.rajasthan.gov.in/college/gckishangarhrenwal
297,Government Girls College Banskhoh,Jaipur,ggcbanskhoh@gmail.com,2022, Girls,UG,9414336195,https://hte.rajasthan.gov.in/college/ggcbanskhoh
298,"A.P.J. ABDUL KALAM GOVERNMENT GIRLS COLLEGE, GANGAPOLE, JAIPUR",Jaipur,ggcgangapole@gmail.com,2022, Girls,UG,1412992574,https://hte.rajasthan.gov.in/college/ggcgangapole
299,GOVT COLLEGE PAOTA  JAIPUR,Jaipur,gcpaota@gmail.com,2022, CoEd,UG,9571405620,https://hte.rajasthan.gov.in/college/hterajasthangovin
300,"GOVERNMENT DEAF AND DUMB COLLEGE, JAIPUR",Jaipur,govtmukbadhircollegejpr@gmail.com,2021, CoEd,UG,9414833487,https://hte.rajasthan.gov.in/college/gcdanddjrp
301,Government College Kanota,Jaipur,gckanota23@gamil.com,2023, CoEd,UG,9664301744,https://hte.rajasthan.gov.in/college/gckanota
302,"Government College Jaisinghpura Khor, Jaipur",Jaipur,gcjaisinghpurakhor@gmail.com,2023, CoEd,UG,9414474268,https://hte.rajasthan.gov.in/college/gcjaisinghpurakhor
303,Government College Jalsu,Jaipur,gcjalsu@gmail.com,2023, CoEd,UG,9414770906,https://hte.rajasthan.gov.in/college/gcjalsu
304,Government College Jagatpura,Jaipur,gcjagatpura@gmail.com,2023, CoEd,UG,9610464777,https://hte.rajasthan.gov.in/college/gcjagatpura
305,Government Girls College Amer,Jaipur,ggcamerjpr@gmail.com,2023, Girls,UG,01412313111,https://hte.rajasthan.gov.in/college/ggcamer
306,Government Girls College Sambhar Lake,Jaipur,ggcsbr@gmail.com,, Girls,,1425228407,https://hte.rajasthan.gov.in/college/ggcsambharlake
307,SBK GOVT PG COLLEGE JAISALMER,Jaisalmer,pgpracharya@gmail.com,1970,Pvt CoEd,PG,02992252350,https://hte.rajasthan.gov.in/college/sbkgcjaisalmer
308,Shri Mishri Lal Sanwal Government Girls PG College Jaisalmer,Jaisalmer,gcjaisalmer@gmail.com,1998, Girls,PG,02992-250636,https://hte.rajasthan.gov.in/college/ggcjaisalmer
309,Government P.G College Pokaran,Jaisalmer,gcpok@rediffmail.com,2006, CoEd,PG,02994222255,https://hte.rajasthan.gov.in/college/gcpokran
310,"Government Girls College, Pokran",Jaisalmer,ggcpokran@gmail.com,2017, Girls,UG,9079977386,https://hte.rajasthan.gov.in/college/ggcpokhran
311,Government College Fatehgarh,Jaisalmer,pgpracharya@gmail.com,2021, CoEd,UG,9414763141,https://hte.rajasthan.gov.in/college/gcfatehgarh
312,Government College Bhaniyana,Jaisalmer,gcbhaniyana2020@gmail.com,2020, CoEd,UG,2992252350,https://hte.rajasthan.gov.in/college/gcbhaniyana
313,GOVT COLLEGE SANKDA,Jaisalmer,gcsankra@gmail.com,2022, CoEd,UG,2994222255,https://hte.rajasthan.gov.in/college/gcsankra
314,Government College Ramgarh,Jaisalmer,gcraamgarh@gmail.com,2022, CoEd,UG,0000000000,https://hte.rajasthan.gov.in/college/gcramgadh
315,Government College Nachna,Jaisalmer,gcnachna2023@gmail.com,2023, CoEd,UG,99999999999,https://hte.rajasthan.gov.in/college/gcnachna2023
316,Government College Mohangarh,Jaisalmer,gcmohangarh@gmail.com,2023, CoEd,UG,9413204933,https://hte.rajasthan.gov.in/college/gcmohangarh
317,Government College Phalsoond,Jaisalmer,gcphalsoond@gamil.com,2023, CoEd,UG,6350311329,https://hte.rajasthan.gov.in/college/phalssond
318,"GOVT. P.G. COLLEGE , JALORE",Jalore,govtcollegejalore@gmail.com,1966, CoEd,PG,02973223141,https://hte.rajasthan.gov.in/college/gcjalore
319,"Shri Rajendra Suri Kundan Jain Rajkiya Mahila Mahavidhyalaya, Jalore",Jalore,srskj1999@gmail.com,1999, Girls,PG,02973-225459,https://hte.rajasthan.gov.in/college/ggcjalore
320,"G K Gowani Govt. College, Bhinmal",Jalore,gkggc66bhinmal@gmail.com,1966, CoEd,PG,02969-220041,https://hte.rajasthan.gov.in/college/gcbhinmal
321,Government College Ahore,Jalore,govtcollegeahore@gmail.com,2015, CoEd,UG,9983211126,https://hte.rajasthan.gov.in/college/gcahore
322,GOVERNMENT COLLEGE RANIWARA,Jalore,gcraniwara@gmail.com,2018, CoEd,UG,9636582655,https://hte.rajasthan.gov.in/college/gcraniwara
323,GOVERNMENT COLLEGE CHITALWANA,Jalore,gcchitalwana@gmail.com,2019, CoEd,UG,7727934011,https://hte.rajasthan.gov.in/college/gcchitalwana
324,Govt College Sanchore,Jalore,govtcollegesanchore@gmail.com,2019, CoEd,UG,9549113657,https://hte.rajasthan.gov.in/college/gcsanchore
325,Government College Rewatra Dist Jalore,Jalore,gcrewatra@gmail.com,2022, CoEd,UG,02973-223141,https://hte.rajasthan.gov.in/college/gcrewatra
326,Government College Bagoda,Jalore,gcbagoda@gmail.com,2023, CoEd,UG,9001618168,https://hte.rajasthan.gov.in/college/gcbagoda
327,GOVERNMENT GIRLS COLLEGE JHALAWAR,Jhalawar,govt.girlscollegejhalawar@yahoo.in,1995, Girls,PG,07432-232415,https://hte.rajasthan.gov.in/college/ggcjhalawar
328,Government  College Jhalawar,Jhalawar,principalgcjhalawar@gmail.com,1958, CoEd,PG,0744-232315,https://hte.rajasthan.gov.in/college/gcjhalawar
329,Govt. College Manohar thana,Jhalawar,gcmanoharthana@gmail.com,2015, CoEd,UG,8003826727,https://hte.rajasthan.gov.in/college/gcmanoharthana
330,"Government Birla College, Bhawani Mandi",Jhalawar,gbcb_bwm@yahoo.co.in,1991, CoEd,PG,07433-222125,https://hte.rajasthan.gov.in/college/gbbhawanimandi
331,Government College Pidawa,Jhalawar,gcpirawa@gmail.com,2016, CoEd,UG,9950905262,https://hte.rajasthan.gov.in/college/gcpidawa
332,Government College Chaumahala,Jhalawar,gcchaumahala@gmail.com,2016, CoEd,UG,07435-284497,https://hte.rajasthan.gov.in/college/gcchaumahala
333,Government Law College Jhalawar,Jhalawar,gclawjhalawar@gmail.com,2006, CoEd,UG,7792853690,https://hte.rajasthan.gov.in/college/glcjhalawar
334,"SHAHEED SHREE MUKUT BIHARI MEENA GOVERNMENT COLLEGE, KHANPUR (JHALAWAR)",Jhalawar,gckhanpur01@gmail.com,2017, CoEd,UG,9413185859,https://hte.rajasthan.gov.in/college/gckhanpur
335,Government College Asnawar,Jhalawar,govtcollegeasnawar@gmail.com,2023, CoEd,UG,9414751749,https://hte.rajasthan.gov.in/college/gcasnawar
336,"Seth Netram Maghraj Tibrewala Government Girls College, Jhunjhunu",Jhunjhunu,snmtggcjjn39131@gmail.com,1999, Girls,PG,0159-2239131,https://hte.rajasthan.gov.in/college/ggcjhunjhunu
337,"Seth Shree Kedarnath Modi Rajkiya Mahavidhalya, Gudha (Jhunjhunu)",Jhunjhunu,governmentcollegegudha@gmail.com,2013, CoEd,PG,01594-294011,https://hte.rajasthan.gov.in/college/gcgudha
338,"Shri Radheshyam R.Morarka Govt. College, Jhunjhunu",Jhunjhunu,morarkacollege@gmail.com,2013, CoEd,PG,01592239944,https://hte.rajasthan.gov.in/college/gcjhunjhunu
339,"Shri Radheshyam R. Morarka Government College,  Nawalgarh (Jhunjhunu)",Jhunjhunu,govtcollegenawalgarh@gmail.com,2013, CoEd,PG,01594222070,https://hte.rajasthan.gov.in/college/gcnawalgarh
340,"Swami Vivekanand Govt. College Khetri, Jhunjhunu",Jhunjhunu,govt.college.khetri@gmail.com,1999, CoEd,PG,01593-234070,https://hte.rajasthan.gov.in/college/govt.college.khetri@gmail.com
341,"Government College Malsisar,Jhunjhunu",Jhunjhunu,gcmalsisar@gmail.com,2018, CoEd,UG,01595-297790,https://hte.rajasthan.gov.in/college/gcmalsisar
342,"GOVERNMENT GIRLS COLLEGE, HETAMSAR",Jhunjhunu,ggchetamsar@gmail.com,2019, Girls,UG,9414541691,https://hte.rajasthan.gov.in/college/ggchetamsar
343,MASTER HAJARI LAL SHARMA GOVT. COLLEGE CHIRAWA,Jhunjhunu,govtcollegechirawa@gmail.com,2020, CoEd,UG,9414292285,https://hte.rajasthan.gov.in/college/gcchirawa
344,Government college surajgarh,Jhunjhunu,gcsurajgarh@gmail.com,2020, CoEd,UG,9351601006,https://hte.rajasthan.gov.in/college/gcsurajgarh
345,Government College Udaipurwati,Jhunjhunu,gcudaipurwati@gmail.com,2021, CoEd,UG,9829687819,https://hte.rajasthan.gov.in/college/gcudaipurwati
346,GOVERNMENT COLLEGE BUHANA,Jhunjhunu,govt.college.buhana@gmail.com,2022, CoEd,UG,1593234070,https://hte.rajasthan.gov.in/college/gcbuhana
347,GOVERNMENT GIRLS COLLEGE BABAI (KHETRI),Jhunjhunu,ggckhetri@gmail.com,2022, Girls,UG,1593234070,https://hte.rajasthan.gov.in/college/ggcbabai
348,Government girls College Guda,Jhunjhunu,governmentgirlscollegeguda@gmail.com,2022, Girls,UG,9664018928,https://hte.rajasthan.gov.in/college/ggcguda
349,GOVERNMENT GIRLS COLLEGE ALSISAR (JHUNJHUNU),Jhunjhunu,ggcalsisar@gmail.com,2022, Girls,UG,1592-239131,https://hte.rajasthan.gov.in/college/ggcalsisar
350,Government Girls College Mandrela,Jhunjhunu,ggcmandrela@gmail.com,2022, Girls,UG,01592239944,https://hte.rajasthan.gov.in/college/ggcmandrela
351,Government Girls College Mukundgarh,Jhunjhunu,ggcmukundgarh@gmail.com,2022, Girls,UG,9460537194,https://hte.rajasthan.gov.in/college/ggcmukandgarh
352,Government College Bissau,Jhunjhunu,gcbissau@gmail.com,2023, CoEd,UG,6377303202,https://hte.rajasthan.gov.in/college/gcbissau
353,Government Girls College Parasrampura,Jhunjhunu,gccollegeparasrampura@gmail.com,2023, Girls,UG,9587128770,https://hte.rajasthan.gov.in/college/Government Girls College Parasrampura
354,Government  PG College Jodhpur,Jodhpur,gcjodhpur@gmail.com,2013, CoEd,PG,0291-2755101,https://hte.rajasthan.gov.in/college/gcjodhpur
355,RUSI GOVERNMENT PG COLLEGE BALESAR (JODHPUR),Jodhpur,gcbalesar2013@gmail.com,2013, CoEd,PG,9772117232,https://hte.rajasthan.gov.in/college/gcbalesar
356,"SSDCLB GOVT GIRLS COLLEGE, PIPAR CITY",Jodhpur,gcpiparcity@gmail.com,1997, Girls,PG,02930-234600,https://hte.rajasthan.gov.in/college/ggcpiparcity
357,Government P.G. College Osian,Jodhpur,gcosian2015@gmail.com,2015, CoEd,PG,9414332393,https://hte.rajasthan.gov.in/college/gcosian
358,J.N.M.P. GOVT  PG. COLLEGE PHALODI,Jodhpur,govtcollegephalodi@gmail.com,1999, CoEd,PG,02925-222080,https://hte.rajasthan.gov.in/college/GCPHALODI
359,DR.B.R.AMBEDKAR GOVT. PG COLLEGE BILARA,Jodhpur,gcbilara@gmail.com,2013, CoEd,PG,02930-222350,https://hte.rajasthan.gov.in/college/gcbilara
360,"SPM GOVERNMENT COLLEGE, BHOPALGARH",Jodhpur,gcbprincipal@gmail.com,2008, CoEd,PG,02920216292,https://hte.rajasthan.gov.in/college/gcbhopalgarh
361,"GOVT COLLEGE, BAP-JODHPUR",Jodhpur,gcbap0546@gmail.com,2017, CoEd,UG,0291-000000,https://hte.rajasthan.gov.in/college/gcbap
362,GOVERNMENT COLLEGE BAWARI,Jodhpur,govtcollegebawari@gmail.com,2018, CoEd,UG,6367141946,https://hte.rajasthan.gov.in/college/gcbaori
363,"Govt. College, Luni",Jodhpur,govt.collegeluni@gmail.com,2018, CoEd,UG,8890570520,https://hte.rajasthan.gov.in/college/GCLUNI
364,"Veer Shiromani Rao Devraj Rathore Government College, Shergarh",Jodhpur,gcshergarh1@gmail.com,2018, CoEd,UG,9982370853,https://hte.rajasthan.gov.in/college/gcshergarh
365,Government Girls Post Graduate College Magra Punjala Jodhpur,Jodhpur,ggcmagrapunjala@gmail.com,2019, Girls,UG,9782526376,https://hte.rajasthan.gov.in/college/ggcmagrapunjala
366,"GOVT. GIRLS COLLEGE, TINVRI-MATHANIA, JODHPUR",Jodhpur,ggctivrimathania@gmail.com,2019, Girls,UG,9214879494,https://hte.rajasthan.gov.in/college/gctivrimathania
367,GOVERNMENT COLLEGE LOHAWAT,Jodhpur,govtcollegelohawat@gmail.com,2020, CoEd,UG,2925222080,https://hte.rajasthan.gov.in/college/gclohawat
368,Government College Kudi Bhagtasani,Jodhpur,GCKUDIBHAGTASNI@GMAIL.COM,2020, CoEd,UG,9166289262,https://hte.rajasthan.gov.in/college/GCKUDIBHAGTASNI
369,Government Girls College Soorsagar,Jodhpur,ggcsoorsagar@gmail.com,2021, Girls,UG,9460891796,https://hte.rajasthan.gov.in/college/gcsoorsagar
370,Government College Piparcity,Jodhpur,drkamaljeetmehta@gmail.com,2021, CoEd,UG,9413661130,https://hte.rajasthan.gov.in/college/gcpiparcity
371,GOVERNMENT GIRLS COLLEGE BHOPALGARH,Jodhpur,ggcbhopalgarh@gmail.com,2022, Girls,UG,9982282330,https://hte.rajasthan.gov.in/college/governmentgirlscollegebhopalgarh
372,Govt girls college shekhala,Jodhpur,ggcshekhala@gmail.com,2022, Girls,UG,9440990471,https://hte.rajasthan.gov.in/college/
373,Government Girls College Lohawat,Jodhpur,ggclohawat@gmail.com,2022, Girls,UG,9414332393,https://hte.rajasthan.gov.in/college/ggclohawat
374,Government Girls College Jhalamand,Jodhpur,ggcjhalamand@gmail.com,2023, Girls,UG,9828229912,https://hte.rajasthan.gov.in/college/GGCJHALAMAND
375,Government Girls College Loonawas Bhakar,Jodhpur,ggclunavasbhakhar@gmail.com,2023, Girls,UG,9414150927,https://hte.rajasthan.gov.in/college/ggcloonawasbhakar
376,Government College Dechu,Jodhpur,gcdechu@gmail.com,2023, CoEd,UG,9166543902,https://hte.rajasthan.gov.in/college/gcdechu
377,Government Girls College Jaisla,Jodhpur,ggcjaisala@gmail.com,2023, Girls,UG,9782835189,https://hte.rajasthan.gov.in/college/ggcjaisala
378,GOVERNMENT COLLEGE ASOP,Jodhpur,govtcollegeasop@gmail.com,, CoEd,,99999999999,https://hte.rajasthan.gov.in/college/governmentcollegeasop
379,GOVERNMENT COLLEGE HINDAUN CITY,Karauli,gchindaun@gmail.com,1977, CoEd,PG,07469-232013,https://hte.rajasthan.gov.in/college/gchindoncity
380,Govt. College Nadauti,Karauli,govtcollegenadauti@gmail.com,2012, CoEd,UG,9413263687,https://hte.rajasthan.gov.in/college/gcnadoti
381,Govt College Todabhim,Karauli,govtcollegetodabhim151@gmail.com,2008, CoEd,UG,9414869176,https://hte.rajasthan.gov.in/college/gctodabhim
382,"Government college, sapotra",Karauli,principalspt2013@gmail.com,2013, CoEd,PG,0746-252077,https://hte.rajasthan.gov.in/college/gcsapotara
383,Government College Karauli,Karauli,pgcollegekarauli@gmail.com,1960, CoEd,PG,07464250023,https://hte.rajasthan.gov.in/college/gckarauli
384,"Govt.Girls College Karauli,Rajasthan (Affiliated to University of Kota,Kota)",Karauli,govt.girlscollegekarauli@gmail.com,1998, Girls,UG,07464-221231,https://hte.rajasthan.gov.in/college/ggckarauli
385,Government College Mandrayal,Karauli,govt.collegemandrayal@gmail.com,2019, CoEd,UG,8387914489,https://hte.rajasthan.gov.in/college/gcmandrayal
386,GOVERNMENT COLLEGE MASALPUR,Karauli,govt.collegemasalpur@gmail.com,2020, CoEd,UG,8104007070,https://hte.rajasthan.gov.in/college/gcmasalpur
387,GOVERNMENT GIRLS COLLEGE TODABHIM,Karauli,ggctodabhim@gmail.com,2021, Girls,UG,9414847160,https://hte.rajasthan.gov.in/college/ggctodabhim
388,Government Girls College Hindaun City,Karauli,gchindaun@gmail.com,2021, Girls,UG,9414315205,https://hte.rajasthan.gov.in/college/ggchindoncity
389,GOVERNMENT GIRLS COLLEGE KATKAD,Karauli,govt.girlscollegekatkad@gmail.com,2022, Girls,UG,9414486583,https://hte.rajasthan.gov.in/college/govtcollegekatkad
390,GOVT GIRLS COLLEGE MANDRAYAL,Karauli,ggcmandrayal@gmail.com,2022, Girls,UG,8741098275,https://hte.rajasthan.gov.in/college/ggcmandrayal
391,Government College Suroth,Karauli,gcsuroth2023@gmail.com,2023, CoEd,UG,99999999999,https://hte.rajasthan.gov.in/college/1222
392,Government Girls College Nadouti,Karauli,test@gmail.com,2023, Girls,UG,99999999999,https://hte.rajasthan.gov.in/college/ggcnadauti
393,SHAHEED HEMRAJ MEENA RAJKIYA MAHAVIDHYALAYA SANGOD,Kota,principal.gcsangod@gmail.com,2013, CoEd,UG,9887771921,https://hte.rajasthan.gov.in/college/gcsangod
394,GOVERNMENT COLLEGE RAMGANJMANDI,Kota,principalrmandi99@gmail.com,1999, CoEd,UG,07459270400,https://hte.rajasthan.gov.in/college/gcramganjmandi
395,Government College Kota,Kota,principalgckota@gmail.com,1945, CoEd,PG,9460492331,https://hte.rajasthan.gov.in/college/gcskota
396,Government Arts Girls College Kota,Kota,girlsartskota@gmail.com,2014, Girls,PG,07442324075,https://hte.rajasthan.gov.in/college/ggcakota
397,"Government Commerce College, Kota, Rajasthan",Kota,gcc.kota31@gmail.com,1978, CoEd,PG,0744-2426258,https://hte.rajasthan.gov.in/college/gcckota
398,Janki Devi Bajaj Government Girls college,Kota,ggsckota@gmail.com,1958, Girls,PG,0744-2324074,https://hte.rajasthan.gov.in/college/ggcskota
399,"GOVERNMENT ARTS COLLEGE, KOTA",Kota,principalgcartskota@gmail.com,2014, CoEd,PG,07442324489,https://hte.rajasthan.gov.in/college/gcakota
400,Government Law College Kota,Kota,glckotaraj@gmail.com,2006, CoEd,PG,0744-2473545,https://hte.rajasthan.gov.in/college/glckota
401,"Government College, Itawa",Kota,gcitawa@gmail.com,2018, CoEd,UG,07458225018,https://hte.rajasthan.gov.in/college/none
402,"Government College, Kanwas",Kota,gckanvas@gmail.com,2018, CoEd,UG,9950207542,https://hte.rajasthan.gov.in/college/gckanwas
403,"RAJKIYA VANIJYA KANYA MAHAVIDHYALAYA (RVKM), KOTA",Kota,gccomm.kota@rajasthan.gov.in,2014, Girls,PG,07442324077,https://hte.rajasthan.gov.in/college/ggcckota
404,GOVERNMENT GIRLS COLLEGE RAMPURA KOTA,Kota,ggcrampura@gmail.com,2022, Girls,UG,7442324075,https://hte.rajasthan.gov.in/college/ggcrampura
405,"Government College, Degana (Nagaur)",Nagaur,govtcollegedegana@gmail.com,2015, CoEd,UG,01587-222001,https://hte.rajasthan.gov.in/college/gcdegana
406,"GOVERNMENT BANGUR COLLEGE, DIDWANA",Nagaur,gbc_didwana@yahoo.com,1958, CoEd,PG,0158-0220024,https://hte.rajasthan.gov.in/college/gbdeedwana
407,GOVERNMENT COLLEGE JAYAL (NAGAUR),Nagaur,gcjayal102013@gmail.com,2013, CoEd,UG,01583272060,https://hte.rajasthan.gov.in/college/gcjayal
408,SRI BALDEV RAM MIRDHA GOVT COLLEGE NAGAUR(RAJ),Nagaur,sbrmprincipal@gmail.com,1969, CoEd,PG,01582240853,https://hte.rajasthan.gov.in/college/gcnagaur
409,GOVERNMENT LAW COLLEGE NAGAUR,Nagaur,glcnagaur@gmail.com,2006, CoEd,UG,8619933874,https://hte.rajasthan.gov.in/college/glcnagaur
410,GOVERNMENT COLLEGE KHINWSAR,Nagaur,gckhivnsar@gmail.com,2016, CoEd,PG,01585-262016,https://hte.rajasthan.gov.in/college/gckhinwsar
411,GOVT. COLLEGE MERTA CITY,Nagaur,principalgovtcollegemertacity@gmail.com,1996, CoEd,PG,01590-220600,https://hte.rajasthan.gov.in/college/gcmertacity
412,"SMT. MADI BAI MIRDHA GOVT GIRLS COLLEGE, NAGAUR",Nagaur,govt.girlscollegenagaur@gmail.com,1997, Girls,PG,01582242550,https://hte.rajasthan.gov.in/college/ggcnagour
413,"Government College, Manglana",Nagaur,gcmanglana@gmail.com,2016, CoEd,UG,01588-285035,https://hte.rajasthan.gov.in/college/gcmanglana
414,GOVERNMENT COLLEGE PARBATSAR (NAGAUR),Nagaur,parbatsargovermentcollege@gmail.com,2019, CoEd,UG,9983545782,https://hte.rajasthan.gov.in/college/gcparbatsar
415,"GOVERNMENT COLLEGE , NAWAN (NAGAUR)RAJASTHAN",Nagaur,govtcollegenawa3@gmail.com,2019, CoEd,PG,9352393083,https://hte.rajasthan.gov.in/college/gcnawan
416,GOVERNMENT COLLEGE MAKRANA,Nagaur,gcmakrana20@gmail.com,2020, CoEd,UG,9560710983,https://hte.rajasthan.gov.in/college/gcmakrana
417,Government College Kuchera (Nagaur),Nagaur,govtcollegekuchera@gmail.com,2021, CoEd,UG,8104235129,https://hte.rajasthan.gov.in/college/gckuchera
418,"Government Girls College, Didwana",Nagaur,govtgirlscollegedeedwana@gmail.com,2021, Girls,UG,01580220024,https://hte.rajasthan.gov.in/college/ggcdidwana
419,Government Girls College Ladnu,Nagaur,govtgirlscollegeladnun@gmail.com,2021, Girls,UG,01580220024,https://hte.rajasthan.gov.in/college/ggcladnu
420,"Government Girls College, Khinwsar",Nagaur,ggckhinwsar@gmail.com,2022, Girls,UG,6375930269,https://hte.rajasthan.gov.in/college/ggckhinwsar
421,Government Girls College Panchla Siddha,Nagaur,ggcpanchlasiddha@gmail.com,2022, Girls,UG,8427281586,https://hte.rajasthan.gov.in/college/ggcpanchlasiddha
422,Government Girls College Kuchaman City,Nagaur,ggckuchaman@gmail.com,2022, Girls,UG,9414587304,https://hte.rajasthan.gov.in/college/ggckuchamancity
423,Government Girls College Degana,Nagaur,govtgirlscollegedegana@gmail.com,2023, Girls,UG,9414468219,https://hte.rajasthan.gov.in/college/govtgirlscollegedegana
424,Government College Loonwa,Nagaur,gclunwa@gmail.com,2023, CoEd,UG,9414516677,https://hte.rajasthan.gov.in/college/gclunwa
425,Government College Riyan Bari,Nagaur,gcriyanbari@gmail.com,2023, CoEd,UG,9462278550,https://hte.rajasthan.gov.in/college/govtcollegeriyanbari
426,Government College Khajwana,Nagaur,gckhajwana@gmail.com,2023, CoEd,UG,9799263875,https://hte.rajasthan.gov.in/college/gckhajwana
427,Government College Chhoti Khatu,Nagaur,gcchhotikhatu@gmail.com,, CoEd,,7823094046,https://hte.rajasthan.gov.in/college/gcchhotikhatu
428,Government College Kuchaman City,Nagaur,govtcollegekuchaman@gmail.com,, CoEd,,9999999999,https://hte.rajasthan.gov.in/college/gckuchamancity
429,"GOVERNMENT P.G. LAW COLLEGE, PALI (RAJASTHAN)",Pali,govtlawcollegepali123@gmail.com,2006, CoEd,PG,02932-252052,https://hte.rajasthan.gov.in/college/glcpali
430,Government College Bali,Pali,govtcollegebali@gmail.com,2013, CoEd,UG,02938-222002,https://hte.rajasthan.gov.in/college/gcbali
431,Government College Jaitaran (Pali),Pali,govtcollegejtr@gmail.com,2007, CoEd,PG,2939-0225040,https://hte.rajasthan.gov.in/college/gcjaitaran
432,GOVERNMENT BANGUR P.G. COLLEGE PALI,Pali,gbcpali@yahoo.co.in,1961, CoEd,PG,02932 226452,https://hte.rajasthan.gov.in/college/gcpali
433,GOVERNMENT PG COLLEGE SOJAT CITY (Dist- Pali),Pali,govtcollegesojat@rediffmail.com,2006, CoEd,PG,02960-223399,https://hte.rajasthan.gov.in/college/gcsojatcity
434,"Goverment College Sumerpur, Pali",Pali,gcsumerpur@gmail.com,2015, CoEd,UG,02933-294252,https://hte.rajasthan.gov.in/college/gcsumerpur
435,Smt. Guman Bai Pannalal Bhanshali Government Girls College Pali,Pali,paligg.college@gmail.com,1995, Girls,PG,02932-284322,https://hte.rajasthan.gov.in/college/ggcpali
436,"GOVERNMENT COLLEGE, MARWAR JUNCTION, PALI",Pali,gcmarwarjunction@gmail.com,2018, CoEd,UG,02935252626,https://hte.rajasthan.gov.in/college/gcmarwarjn
437,"GOVERNMENT COLLEGE, RAIPUR  PALI (RAJASTHAN)",Pali,govtcoraipur@gmail.com,2018, CoEd,UG,9950344303,https://hte.rajasthan.gov.in/college/gcraipurpali
438,Government College Rohat (Pali),Pali,gcrohat@gmail.com,2018, CoEd,UG,9414916633,https://hte.rajasthan.gov.in/college/gcrohat
439,"Shri Ai Mata Govt. College, Sojat City",Pali,gcsojatcity@gmail.com,2020, CoEd,UG,9352288108,https://hte.rajasthan.gov.in/college/gcaisojatcity
440,Government Girls College Takhatgarh,Pali,ggctakhtgarh@gmail.com,2021, Girls,UG,9460443779,https://hte.rajasthan.gov.in/college/ggctakhatgarh
441,GOVERNMENT GIRLS COLLEGE BADAGUDA,Pali,ggcbadaguda@gmail.com,2022, Girls,UG,9795806534,https://hte.rajasthan.gov.in/college/ggcbadaguda
442,Government Girls College Jojawar Pali,Pali,ggcjojawar@gmail.com,2022, Girls,UG,2932226452,https://hte.rajasthan.gov.in/college/ggcjojawar
443,Government College Desuri,Pali,govtcollegedesuri@gmail.com,2023, CoEd,UG,9460443779,https://hte.rajasthan.gov.in/college/ggcdesuri
444,"GOVERNMENT GIRLS COLLEGE, RANI (MARWAR JUNCTION)",Pali,ggcrani@gmail.com,2023, Girls,UG,02932 226452,https://hte.rajasthan.gov.in/college/ggcrani
445,Government College Deoli Pali,Pali,gcdeoli2023@gmail.com,2023, CoEd,UG,9799716294,https://hte.rajasthan.gov.in/college/gcdeoli
446,Government Girls College Bar,Pali,ggcbar2023@gmail.com,2023, Girls,UG,8619592447,https://hte.rajasthan.gov.in/college/ggcbar
447,Govt College Sadri,Pali,govtcollegesadri@gmail.com,, CoEd,,8209303939,https://hte.rajasthan.gov.in/college/gcsadri
448,GOVT.COLLEGE DHARIYAWAD,Pratapgarh,gcdp.13@gmail.com,2013, CoEd,UG,8209918989,https://hte.rajasthan.gov.in/college/gcdhariyawad
449,"GOVT P G COLLEGE, PRATAPGARH",Pratapgarh,principalgovtcollegepratapgarh@gmail.com,1966, CoEd,PG,01478 222012,https://hte.rajasthan.gov.in/college/gcpratapgarh
450,"Government College, Chhoti Sadri",Pratapgarh,gcchhotisadri@gmail.com,2016, CoEd,UG,01473294448,https://hte.rajasthan.gov.in/college/gcchhotisadri
451,Government Girls College Pratapgarh,Pratapgarh,ggcpratapgarh2019@gmail.com,2019, Girls,UG,9887125859,https://hte.rajasthan.gov.in/college/ggcpratapgarh
452,GOVERNMENT COLLEGE PEEPALKHUNT,Pratapgarh,gcpeepalkhunt@gmail.com,2019, CoEd,UG,08209570687,https://hte.rajasthan.gov.in/college/gcpeepalkhunt
453,Government College Bhachundla,Pratapgarh,bhachundalagovtcollege2022@gmail.com,2022, CoEd,UG,9460936565,https://hte.rajasthan.gov.in/college/gcbhachundla
454,"Nitya Lilasth Tilkayat Shree Govind Lal Ji Maharaj Govt. Girls College, Nathdwara,  RUSA Beneficiary College and NAAC Accredited - B Grade",Rajsamand,ggcnathdwara@gmail.com,1998, Girls,PG,02953-231602,https://hte.rajasthan.gov.in/college/ggcnathdwara
455,"SAMRAT PRITHVIRAJ CHAUHAN GOVERNMENT COLLEGE, BHIM",Rajsamand,prin.gcbhim@gmail.com,2007, CoEd,UG,02951 251024,https://hte.rajasthan.gov.in/college/gcbhim
456,Seth Mathura Das Binani Government P.G.College,Rajsamand,govtcollegenathdwara@gmail.com,1962, CoEd,PG,02953-234630,https://hte.rajasthan.gov.in/college/gcnathdwara
457,"SETH RANGLAL KOTHARI GOVERNMENT POST GRADUATE COLLEGE, RAJSAMAND",Rajsamand,srkgovtcollegerajsamand@gmail.com,1994, CoEd,PG,02952-221840,https://hte.rajasthan.gov.in/college/gcrajsamand
458,"Govt.College Devgarh, Rajasamand",Rajsamand,gcdevgarh@gmail.com,2014, CoEd,UG,7300436160,https://hte.rajasthan.gov.in/college/gcdeogarh
459,"SHREE HEERALAL DEVPURA GOVT. COLLEGE, AMET, RAJSAMAND",Rajsamand,govtcollegeametrajsamand@gmail.com,1999, CoEd,UG,02908-251030,https://hte.rajasthan.gov.in/college/gcamet
460,"Shri Dwarkadhish Government Girls College,Rajsamand",Rajsamand,ggcr.17@gmail.com,2017, Girls,UG,9929340490,https://hte.rajasthan.gov.in/college/ggcrajsamand
461,Government College Kumbhalgarh,Rajsamand,gckumbhalgarh2017@gmail.com,2017, CoEd,UG,7742359172,https://hte.rajasthan.gov.in/college/gckumbhalgarh
462,GOVERNMENT COLLEGE RAILMAGRA (RAJSAMAND),Rajsamand,gcrailmagra@gmail.com,2019, CoEd,UG,9887639395,https://hte.rajasthan.gov.in/college/gcrailmagra
463,Kiran Maheshwari Government College Kunwariya,Rajsamand,ggck21@gmail.com,2021, Girls,UG,9968320534,https://hte.rajasthan.gov.in/college/ggckunwariya
464,Government College Khamnor,Rajsamand,kmsingada@gmail.com,2021, CoEd,UG,9414725608,https://hte.rajasthan.gov.in/college/gckhamnor
465,Government Girls College,Rajsamand,ggcbhim2022@gmail.com,2022, Girls,UG,02951251024,https://hte.rajasthan.gov.in/college/ggcbhim
466,Govt Girls  P.G.College Sawai Madhopur,Sawai Madhopur,girlscollegeswm91@gmail.com,1996, Girls,PG,0746-2221124,https://hte.rajasthan.gov.in/college/ggcsawaimadhopur
467,"Government College,Khandar",Sawai Madhopur,gckhandar@gmail.com,2015, CoEd,UG,7468-0241013,https://hte.rajasthan.gov.in/college/gckhandar
468,"Shaheed Captain Ripudaman Singh Rajkiya Mahavidyalaya, Sawai Madhopur",Sawai Madhopur,gocolswm@gmail.com,1971, CoEd,PG,07462-220307,https://hte.rajasthan.gov.in/college/gcsawaimadhopur
469,Govt College Bamanwas ( Sawai Madhopur),Sawai Madhopur,principalbamanwas@gmail.com,2013, CoEd,UG,9414049125,https://hte.rajasthan.gov.in/college/gcbamanwas
470,Govt. College Gangapur City,Sawai Madhopur,principalggp@gmail.com,1977, CoEd,PG,07463-294903,https://hte.rajasthan.gov.in/college/gcgangapurcity
471,Government College Bonli Sawai Madhopur,Sawai Madhopur,GCBONLI@GMAIL.COM,2019, CoEd,UG,07466294566,https://hte.rajasthan.gov.in/college/gcbonli
472,GOVERNMENT COLLEGE MALARNA DUNGAR,Sawai Madhopur,GOVTCOLLEGEMALARNADUNGAR@GMAIL.COM,2020, CoEd,UG,9929841123,https://hte.rajasthan.gov.in/college/gcmalaridungar
473,GOVERNMENT COLLEGE CHAUTH KA BARWARA,Sawai Madhopur,gocolckb@gmail.com,2022, CoEd,UG,7462220307,https://hte.rajasthan.gov.in/college/gcchauthkabarwara
474,GOVERNMENT GIRLS COLLEGE  MITRAPURA,Sawai Madhopur,ggcmitrapura@gmail.com,2022, Girls,UG,7462220307,https://hte.rajasthan.gov.in/college/ggcmitrapura
475,Government Girls College Gangapur city,Sawai Madhopur,ggcgangapurcity2022@gmail.com,2022, Girls,UG,7463294903,https://hte.rajasthan.gov.in/college/ggcgangapurcity
476,"Government girls College, Wazeerpur",Sawai Madhopur,ggcwazeerpur@gmail.com,2022, Girls,UG,9414118446,https://hte.rajasthan.gov.in/college/ggcwazeerpur
477,Government Girls College Sukar,Sawai Madhopur,ggcsukar@gmail.com,2023, Girls,UG,9772905266,https://hte.rajasthan.gov.in/college/ggcsukar
478,Government College Wazirpur,Sawai Madhopur,gcwazirpur@gmail.com,, CoEd,,7463294903,https://hte.rajasthan.gov.in/college/gcwazirpur
479,"Government Arts College, Sikar",Sikar,artscollegesikar@gmail.com,2014, CoEd,PG,01572-232040,https://hte.rajasthan.gov.in/college/gcasikar
480,Govt. Kamla Modi Girls College Neemkathana.,Sikar,govtkmgc@gmail.com,1999, Girls,PG,01574-232231,https://hte.rajasthan.gov.in/college/ggcneemkathana
481,"Seth Nand Kishor Patwari Government College, Neemkathana, Sikar (Raj.)",Sikar,snkpgovtcollegeneemkathana@gmail.com,1966, CoEd,PG,1574-230063,https://hte.rajasthan.gov.in/college/gcneemkathana
482,"Government Science College, Sikar",Sikar,skgcsikar@gmail.com,2014, CoEd,PG,01572 -297020,https://hte.rajasthan.gov.in/college/gcssikar
483,GOVT COMMERCE COLLEGE SIKAR,Sikar,comcollegesikar@gmail.com,2014, CoEd,PG,01572274330,https://hte.rajasthan.gov.in/college/gccsikar
484,Shri Kalyan Rajkiya Kanya Mahavidyalaya Sikar,Sikar,ggcsikar@gmail.com,2013, Girls,PG,01572-242800,https://hte.rajasthan.gov.in/college/ggcsikar
485,"Government P.G. Law College, Sikar",Sikar,glcsikar2005@yahoo.in,2006, CoEd,PG,01572-246141,https://hte.rajasthan.gov.in/college/glcsikar
486,"Seth RN Ruia Government College, Ramgarh Shekhawati",Sikar,rnruiagovtcollege@yahoo.com,1961, CoEd,PG,01571240230,https://hte.rajasthan.gov.in/college/gcramgarhshekhawati
487,"Baba Vishambhar Das Govt Girls College,Hod,Sikar",Sikar,govtgirlscollegehod@gmail.com,2013, Girls,PG,9828434265,https://hte.rajasthan.gov.in/college/ggchod
488,Government College Patan,Sikar,gcpatansikar@gmail.com,2019, CoEd,UG,9414787254,https://hte.rajasthan.gov.in/college/gcpatan
489,"GOVERNMENT COLLEGE LAXMANGARH,SIKAR",Sikar,govtcollegelaxmangarh@gmail.com,2019, CoEd,UG,01573294077,https://hte.rajasthan.gov.in/college/gclaxmangarh
490,Government College Fatehpur,Sikar,govtcollegefatehpur2020@gmail.com,2020, CoEd,UG,9414558554,https://hte.rajasthan.gov.in/college/gcfatehpur
491,GOVERNMENT COLLEGE LOSAL,Sikar,govtcollegelosal@gmail.com,2020, CoEd,UG,9772107743,https://hte.rajasthan.gov.in/college/gclosal
492,Government Girls College Dantaramgarh,Sikar,gccdantaramgarh@gmail.com,2021, Girls,UG,1572274330,https://hte.rajasthan.gov.in/college/ggcdantaramgarh
493,Government College Khandela,Sikar,gckhandela1@gmail.com,2021, CoEd,UG,01575-294210,https://hte.rajasthan.gov.in/college/gckhandela
494,"GOVERNMENT GIRLS COLLEGE,SRIMADHOPUR",Sikar,GGCSHRIMADHOPUR@GMAIL.COM,2022, Girls,UG,9799134216,https://hte.rajasthan.gov.in/college/ggcsrimadhopur
495,Government College Nechhwa,Sikar,govtcollegenechhwa22@gmail.com,, CoEd,,9461967499,https://hte.rajasthan.gov.in/college/
496,GOVERNMENT GIRLS COLLEGE FATEHPUR,Sikar,ggcfatehpur@gmail.com,2022, Girls,UG,9460537194,https://hte.rajasthan.gov.in/college/ggcfatehpur
497,Government Girls College Ajeetgarh,Sikar,Govtgirlscollegeajitgarh@gmail.com,2023, Girls,UG,01575299303,https://hte.rajasthan.gov.in/college/GOVERNMENT GIRLS COLLEGE AJEETGARH
498,"Government Girls College, Sirohi.",Sirohi,principalggcsirohi@gmail.com,1997, Girls,PG,02972221275,https://hte.rajasthan.gov.in/college/ggcsirohi
499,"SANGVI MATUSHRI PURIBAI BHURMAL JAIN GOVERNMENT COLLEGE, SHEOGANJ",Sirohi,govt.collegesheoganj@gmail.com,1999, CoEd,PG,02976-272559,https://hte.rajasthan.gov.in/college/smpbjgcsheoganj
500,"Seth Mangal Chand Choudhary Govt. College, Aburoad",Sirohi,smcc.govtcollege@gmail.com,1977, CoEd,PG,02974  222253,https://hte.rajasthan.gov.in/college/gcaburoad
501,"MAA AMBE K.P. SANGHAVI GOVERNMENT LAW COLLEGE, SIROHI",Sirohi,glcsirohi@gmail.com,2006, CoEd,UG,02972222078,https://hte.rajasthan.gov.in/college/glcsirohi
502,"Government College, Sirohi",Sirohi,collegesirohi@gmail.com,1958, CoEd,PG,02972221684,https://hte.rajasthan.gov.in/college/gcsirohi
503,"Government College, Pindwara",Sirohi,gcpindwara@gmail.com,2018, CoEd,UG,02971220048,https://hte.rajasthan.gov.in/college/gcpindwara
504,M.S.H.K.P.S. GOVT. COLLEGE REODAR,Sirohi,collegereodar@gmail.com,2018, CoEd,PG,9680113004,https://hte.rajasthan.gov.in/college/gcreodar
505,Government College Kalandri,Sirohi,gckalandri@gmail.com,2022, CoEd,UG,9414155697,https://hte.rajasthan.gov.in/college/gckalandri
506,GOVERNMENT GIRLS COLLEGE SHEOGANJ,Sirohi,govt.girlscollegesheoganj@gmail.com,2022, Girls,UG,2976272559,https://hte.rajasthan.gov.in/college/ggcsheoganj
507,Government College Kailash Nagar,Sirohi,govtcollegekailashnagar@gmail.com,2023, CoEd,UG,9829121249,https://hte.rajasthan.gov.in/college/kailashnagar
508,"CH. BALLURAM GODARA GOVT. GIRLS COLLEGE, SRI GANGANAGAR",Sri Ganganagar,principalbrgcollege@gmail.com,1960, Girls,PG,0154-2470293,https://hte.rajasthan.gov.in/college/ggcganganagar
509,"GOVERNMENT  LAW COLLEGE, SRI GANGANAGAR",Sri Ganganagar,govtlawcollegesgnr@gmail.com,2006, CoEd,UG,0154-2443057,https://hte.rajasthan.gov.in/college/glcsgnr
510,"Dr. Bhim Rao Ambedkar Government College, Sri Ganganagar",Sri Ganganagar,gcsgnr1946@gmail.com,1954, CoEd,PG,0154-2440056,https://hte.rajasthan.gov.in/college/gcganganagar
511,"Govt. College, Sri karanpur",Sri Ganganagar,gckaranpur@gmail.com,2016, CoEd,UG,9414273011,https://hte.rajasthan.gov.in/college/gckaranpur@gmail.com
512,SWARGIYA SHREE GURUSHARAN CHHABRA GOVERNMENT COLLEGE SURATGARH,Sri Ganganagar,gcsuratgarh@gmail.com,1977, CoEd,PG,1509-0220168,https://hte.rajasthan.gov.in/college/gcsuratgarh
513,"Government Girls College, Sadulshahar",Sri Ganganagar,rmmsds@gmail.com,2008, Girls,PG,01503-224001,https://hte.rajasthan.gov.in/college/gcsadulshahar
514,"SETH BIHARI LAL CHHABRA GOVT COLLEGE,ANOOPGARH",Sri Ganganagar,principalgovtcollegeanoopgarh@gmail.com,2014, CoEd,UG,01498-252153,https://hte.rajasthan.gov.in/college/gcanoopgarh
515,Government College Hindumalkot (Sriganganagar),Sri Ganganagar,gchindumalkot@gmail.com,2022, CoEd,UG,1542440056,https://hte.rajasthan.gov.in/college/gchindumalkot
516,Government Girls College Buddha Johad,Sri Ganganagar,gcgbuddhajohad@gmail.com,2023, Girls,UG,99999999999,https://hte.rajasthan.gov.in/college/gcgbuddhajohad
517,Government Girls College Chunwad,Sri Ganganagar,gcgchunawad@gmail.com,2023, Girls,UG,99999999999,https://hte.rajasthan.gov.in/college/gcgchunawad
518,Government College Birmana,Sri Ganganagar,gcbirmana@gmail.com,2023, CoEd,UG,01509220168,https://hte.rajasthan.gov.in/college/gcbirmana
519,Government Girls College Padampur,Sri Ganganagar,ggcpadampur@gmail.com,2023, Girls,UG,99999999999,https://hte.rajasthan.gov.in/college/ggcpadampur
520,Government College Lalgarh Jatan,Sri Ganganagar,gclalgarhsgnr@gmail.com,2023, CoEd,UG,9772154848,https://hte.rajasthan.gov.in/college/gclalgarh
521,"Government P.G. College, Deoli",Tonk,gc_deoli@rediffmail.com,1977, CoEd,PG,0143-4232202,https://hte.rajasthan.gov.in/college/gcdeoli
522,Govt. College Malpura,Tonk,principal.gcmalpura@gmail.com,1997, CoEd,PG,01437-294355,https://hte.rajasthan.gov.in/college/gcmalpura
523,GOVERNMENT COLLEGE UNIARA,Tonk,collegeuniara1@gmail.com,2007, CoEd,PG,01436265050,https://hte.rajasthan.gov.in/college/gcuniara
524,Government College Newai,Tonk,govtcollegenewai@gmail.com,2013, CoEd,PG,9887725650,https://hte.rajasthan.gov.in/college/gcnewai
525,"GOVERNMENT COLLEGE, TONK",Tonk,principalgctonk@yahoo.in,1959, CoEd,PG,01432-247432,https://hte.rajasthan.gov.in/college/gctonk
526,Govt. Girls College Tonk,Tonk,govtgirlscollegetonk38@gmail.com,1995, Girls,PG,01432-254360,https://hte.rajasthan.gov.in/college/ggctonk
527,Government college todaraisingh,Tonk,principalgctodaraisingh2017@gmail.com,2017, CoEd,UG,01433-232700,https://hte.rajasthan.gov.in/college/gctodaraisingh
528,Government Girls College Peeplu (Tonk),Tonk,gcpeeplu@gmail.com,2019, Girls,UG,01435294030,https://hte.rajasthan.gov.in/college/ggcpeeplu
529,Government Girls College Duni,Tonk,gckanyadooni@gmail.com,2021, CoEd,UG,9252092733,https://hte.rajasthan.gov.in/college/gcduni
530,Goverment GIRLS COLLEGE ALIGARH,Tonk,ggcaligarh@gmail.com,2022, Girls,UG,0000000000,https://hte.rajasthan.gov.in/college/ggcaligarh
531,Government Girls College Datwas,Tonk,gcgirlsdatwas@gmail.com,2022, Girls,UG,9414656765,https://hte.rajasthan.gov.in/college/ggcdatwas
532,Government Girls College  Niwai,Tonk,gcgirlsnewai@gmail.com,2022, Girls,UG,9414042200,https://hte.rajasthan.gov.in/college/ggcniwai
533,Government Girls College Nagar Fort,Tonk,ggcnagarfort@gmail.com,2023, Girls,UG,9460636317,https://hte.rajasthan.gov.in/college/nagarfort
534,GOVT  COLLEGE SARADA (SALUMBER),Udaipur,govtcollegesarada@gmail.com,2013, CoEd,PG,9414472186,https://hte.rajasthan.gov.in/college/gcsarada
535,"Government College, Kherwara, Udaipur",Udaipur,kherwaragovtcollege@yahoo.in,2004, CoEd,PG,09214051183,https://hte.rajasthan.gov.in/college/gckherwara
536,"Government  Meera Girls College, Udaipur",Udaipur,meeragirlscollege@gmail.com,1959, Girls,PG,0294-2524006,https://hte.rajasthan.gov.in/college/ggcudaipur
537,"GOVERNMENT COLLEGE, JHADOL",Udaipur,govtcollegejhadol@yahoo.in,2014, CoEd,UG,8619156377,https://hte.rajasthan.gov.in/college/gcjhadol
538,"HADA RANI GOVT. (PG) COLLEGE,SALUMBER,DISTRICT SALUMBER",Udaipur,h.r.g.college@gmail.com,1991, CoEd,PG,02906-232563,https://hte.rajasthan.gov.in/college/gcsalumber
539,"GOVERNMENT GIRLS COLLEGE, KHERWARA",Udaipur,govtgirlscollege.kherwara@gmail.com,2013, Girls,UG,9414349079,https://hte.rajasthan.gov.in/college/GGCKHERWARA
540,Government College Gogunda,Udaipur,gcgogunda@gmail.com,2016, CoEd,UG,02956-282297,https://hte.rajasthan.gov.in/college/gcgogunda
541,GOVT COLLEGE KOTRA DIST. UDAIPUR,Udaipur,govtcollegekotra@gmail.com,2006, CoEd,UG,02958-229611,https://hte.rajasthan.gov.in/college/gckotra
542,Government College Lasadiya Udaipur,Udaipur,gclasadiya@gmail.com,2017, CoEd,UG,8233583752,https://hte.rajasthan.gov.in/college/gclasadiya
543,"GOVERNMENT COLLEGE, MAVLI",Udaipur,governmentcollegemavli@gmail.com,2018, CoEd,UG,02955263018,https://hte.rajasthan.gov.in/college/gcmavli
544,Government College rishabhdev,Udaipur,rishabhdevgovtcollege2021@gmail.com,2021, CoEd,UG,9414184331,https://hte.rajasthan.gov.in/college/gcrishabhdev
545,Gajendra Singh Shaktawat Government Girls College Bhinder,Udaipur,bhardwajpalak54@gmail.com,2021, Girls,UG,9982336850,https://hte.rajasthan.gov.in/college/gcbhinder
546,Government College Kurabad,Udaipur,govtcollegekurabad@gmail.com,2022, CoEd,UG,9414352576,https://hte.rajasthan.gov.in/college/gckurabad
547,"Government College Nayagaon, Kherwara, Udaipur (Raj.)",Udaipur,govtcollegenayagaonkherwara@gmail.com,2023, CoEd,UG,9784075673,https://hte.rajasthan.gov.in/college/gcnayagaon
548,Government College Semari,Udaipur,govtcollegesemari@gmail.com,2023, CoEd,UG,9414472186,https://hte.rajasthan.gov.in/college/SEMARI
549,Government College Badgaon,Udaipur,gcbadgaon@gmail.com,2023, CoEd,UG,9414233493,https://hte.rajasthan.gov.in/college/gcbadgaon
550,Government College Vallabh Nagar,Udaipur,gcvallabhnagar@gmail.com,2023, CoEd,UG,7976022932,https://hte.rajasthan.gov.in/college/gcvallabhnagar
